Category,Grade Group,Grade No.,Manufacturer,Full Grade Name (if priced today),In Today's Delhi Price List,Price Today (Rs/kg),Producer Price (Rs/kg),Producer Price Type
ABS,ABS EXTRUSION,SE-32,BHANSALI,,No,,,
ABS,ABS EXTRUSION,SE-45,BHANSALI,,No,,,
ABS,ABS EXTRUSION,SE-45I,BHANSALI,,No,,,
ABS,ABS EXTRUSION,AE10EP,FORMOSA,,No,,,
ABS,ABS EXTRUSION,AE8000,FORMOSA,,No,,,
ABS,ABS EXTRUSION,AG10NP,FORMOSA,,No,,,
ABS,ABS EXTRUSION,ANC120-FR,FORMOSA,,No,,,
ABS,ABS EXTRUSION,SR101,IRPC,,No,,,
ABS,ABS EXTRUSION,RS670,LG,,No,,,
ABS,ABS EXTRUSION,RS670-8J763(GREY),LG,,No,,,
ABS,ABS EXTRUSION,BM-0320JK,LOTTE,,No,,,
ABS,ABS EXTRUSION,SL-0100,LOTTE,,No,,,
ABS,ABS EXTRUSION,SV-0167,LOTTE,,No,,,
ABS,ABS EXTRUSION,SV-0167V,LOTTE,,No,,,
ABS,ABS EXTRUSION,VH-0815M,LOTTE,,No,,,
ABS,ABS EXTRUSION,EX58F,SABIC,,No,,,
ABS,ABS EXTRUSION,DP03H,STYRENIX,,No,,,
ABS,ABS EXTRUSION,DP03H_NATURAL,STYRENIX,,No,,,
ABS,ABS EXTRUSION,E502,STYRENIX,,No,,,
ABS,ABS EXTRUSION,E502_NATURAL,STYRENIX,,No,,,
ABS,ABS EXTRUSION,3000D,TAITA,,No,,,
ABS,ABS MOULD <10MFI,PA-709,CHIMEI,,No,,,
ABS,ABS MOULD <10MFI,PA-758_L125,CHIMEI,,No,,,
ABS,ABS MOULD <10MFI,AF3500,FORMOSA,,No,,,
ABS,ABS MOULD <10MFI,AG100H,FORMOSA,,No,,,
ABS,ABS MOULD <10MFI,AG15A1-H,FORMOSA,,No,,,
ABS,ABS MOULD <10MFI,ABSXR490,LG,,No,,,
ABS,ABS MOULD <10MFI,LI941(BLACK),LG,,No,,,
ABS,ABS MOULD <10MFI,TR551,LG,,No,,,
ABS,ABS MOULD <10MFI,XR404,LG,ABS MOULD XR404 - LG,Yes,262.75,,
ABS,ABS MOULD <10MFI,HF-0660I,LOTTE,,No,,,
ABS,ABS MOULD <10MFI,HF-0680,LOTTE,,No,,,
ABS,ABS MOULD <10MFI,MP-0160R,LOTTE,,No,,,
ABS,ABS MOULD <10MFI,PT-0180,LOTTE,,No,,,
ABS,ABS MOULD <10MFI,QU-0191-S,LOTTE,,No,,,
ABS,ABS MOULD <10MFI,SR-0320K/K2007,LOTTE,,No,,,
ABS,ABS MOULD <10MFI,SR-0325LT,LOTTE,,No,,,
ABS,ABS MOULD <10MFI,SR-0330M,LOTTE,,No,,,
ABS,ABS MOULD <10MFI,OG6,PLAIN-BAGS,,No,,,
ABS,ABS MOULD <10MFI,DL100,SABIC,,No,,,
ABS,ABS MOULD <10MFI,MG29,SABIC,,No,,,
ABS,ABS MOULD <10MFI,30GF30%,STYRENIX,,No,,,
ABS,ABS MOULD <10MFI,XT04P,STYRENIX,,No,,,
ABS,ABS MOULD <10MFI,XT04PM,STYRENIX,,No,,,
ABS,ABS MOULD <10MFI,SD0150,TABRIZ,ABS MOULD SD0150 - TABRIZ,Yes,194.28,,
ABS,ABS MOULD <10MFI,100-X01-BLACK,TORAY,,No,,,
ABS,ABS MOULD <10MFI,500-322M(NATURAL),TORAY,,No,,,
ABS,ABS MOULD >30 MFI,IM17A,BHANSALI,,No,,,
ABS,ABS MOULD >30 MFI,MIF-45,BHANSALI,ABS MOULD MIF-45 - BHANSALI,Yes,201.18,,
ABS,ABS MOULD >30 MFI,PA746H,CHIMEI,,No,,,
ABS,ABS MOULD >30 MFI,TH-21,DENKA,,No,,,
ABS,ABS MOULD >30 MFI,ABS-50,GBPC,,No,,,
ABS,ABS MOULD >30 MFI,300,INEOS,,No,,,
ABS,ABS MOULD >30 MFI,300-IFBWHITE,INEOS,,No,,,
ABS,ABS MOULD >30 MFI,300-JETBLACK,INEOS,,No,,,
ABS,ABS MOULD >30 MFI,300-OPALWHITE,INEOS,,No,,,
ABS,ABS MOULD >30 MFI,GP-35,INEOS,,No,,,
ABS,ABS MOULD >30 MFI,M204-HONDA-BLACK,INEOS STYROLUTION,,No,,,
ABS,ABS MOULD >30 MFI,G360HFNC001,KINGFA,,No,,,
ABS,ABS MOULD >30 MFI,750N-SW,KUMHO,,No,,,
ABS,ABS MOULD >30 MFI,AF312B,LG,,No,,,
ABS,ABS MOULD >30 MFI,AF366A-6B600(BLUE),LG,,No,,,
ABS,ABS MOULD >30 MFI,HF380,LG,ABS MOULD HF380 - LG,Yes,209.75,,
ABS,ABS MOULD >30 MFI,SG175-9001(BLACK),LG,ABS MOULD SG175-9001(BLACK) - LG,Yes,204.75,,
ABS,ABS MOULD >30 MFI,XG-571,LG,,No,,,
ABS,ABS MOULD >30 MFI,HF380ID,LG CHEM,,No,,,
ABS,ABS MOULD >30 MFI,HF380ID(BLACK),LG CHEM,,No,,,
ABS,ABS MOULD >30 MFI,PT-0180B,LOTTE,,No,,,
ABS,ABS MOULD >30 MFI,300_B_BLACK,STYRENIX,,No,,,
ABS,ABS MOULD >30 MFI,300_IFB_WHITE,STYRENIX,,No,,,
ABS,ABS MOULD >30 MFI,300_MFR_NATURAL,STYRENIX,,No,,,
ABS,ABS MOULD >30 MFI,300_NATURAL,STYRENIX,,No,,,
ABS,ABS MOULD >30 MFI,380,STYRENIX,,No,,,
ABS,ABS MOULD 10-30 MFI,A6310,ASAHI KASEI,,No,,,
ABS,ABS MOULD 10-30 MFI,HI-40B,BHANSALI,,No,,,
ABS,ABS MOULD 10-30 MFI,HI-40B(NATURAL),BHANSALI,,No,,,
ABS,ABS MOULD 10-30 MFI,IM14GM,BHANSALI,,No,,,
ABS,ABS MOULD 10-30 MFI,IM29,BHANSALI,,No,,,
ABS,ABS MOULD 10-30 MFI,IMG1120,BHANSALI,,No,,,
ABS,ABS MOULD 10-30 MFI,SE-22FR,BHANSALI,,No,,,
ABS,ABS MOULD 10-30 MFI,707,CHIMEI,,No,,,
ABS,ABS MOULD 10-30 MFI,PA-757F,CHIMEI,,No,,,
ABS,ABS MOULD 10-30 MFI,PA757,CHIMEI,,No,,,
ABS,ABS MOULD 10-30 MFI,PA757H,CHIMEI,,No,,,
ABS,ABS MOULD 10-30 MFI,PA757K,CHIMEI,,No,,,
ABS,ABS MOULD 10-30 MFI,DG-417,DAGU,ABS MOULD DG-417 - DAGU,Yes,190.75,,
ABS,ABS MOULD 10-30 MFI,AG12A0,FORMOSA,,No,,,
ABS,ABS MOULD 10-30 MFI,AG12AJ-JETBLACK,FORMOSA,,No,,,
ABS,ABS MOULD 10-30 MFI,AG15A0,FORMOSA,,No,,,
ABS,ABS MOULD 10-30 MFI,AG15A1,FORMOSA,ABS MOULD AG15A1 - FORMOSA,Yes,209.75,,
ABS,ABS MOULD 10-30 MFI,AG15A1(BLACK),FORMOSA,,No,,,
ABS,ABS MOULD 10-30 MFI,AG15AB,FORMOSA,,No,,,
ABS,ABS MOULD 10-30 MFI,AG15AJ,FORMOSA,,No,,,
ABS,ABS MOULD 10-30 MFI,AG15AJ(BLACK),FORMOSA,,No,,,
ABS,ABS MOULD 10-30 MFI,AG15E1,FORMOSA,,No,,,
ABS,ABS MOULD 10-30 MFI,AG23AT,FORMOSA,,No,,,
ABS,ABS MOULD 10-30 MFI,D-150,GPPC,ABS MOULD D-150 - GPPC,Yes,190.75,,
ABS,ABS MOULD 10-30 MFI,HA-714,HENGLI,,No,,,
ABS,ABS MOULD 10-30 MFI,120HR,INEOS,,No,,,
ABS,ABS MOULD 10-30 MFI,200EP,INEOS,,No,,,
ABS,ABS MOULD 10-30 MFI,700,INEOS,,No,,,
ABS,ABS MOULD 10-30 MFI,700-IFBWHITE,INEOS,ABS MOULD 700-IFBWHITE - INEOS,Yes,213.81,,
ABS,ABS MOULD 10-30 MFI,700-JETBLACK,INEOS,ABS MOULD 700-JETBLACK - INEOS,Yes,213.81,,
ABS,ABS MOULD 10-30 MFI,700-ROMAWHITE,INEOS,,No,,,
ABS,ABS MOULD 10-30 MFI,920,INEOS,ABS MOULD 920 - INEOS,Yes,200.81,,
ABS,ABS MOULD 10-30 MFI,GP-22,INEOS,,No,,,
ABS,ABS MOULD 10-30 MFI,G360GENC001,KINGFA,,No,,,
ABS,ABS MOULD 10-30 MFI,GAR-322HCNC001,KINGFA,,No,,,
ABS,ABS MOULD 10-30 MFI,KF-730,KINGFA,,No,,,
ABS,ABS MOULD 10-30 MFI,AF365B,LG,,No,,,
ABS,ABS MOULD 10-30 MFI,AF366,LG,,No,,,
ABS,ABS MOULD 10-30 MFI,ER460(BLACK),LG,,No,,,
ABS,ABS MOULD 10-30 MFI,ER460(NATURAL),LG,,No,,,
ABS,ABS MOULD 10-30 MFI,HI100H-BLACK,LG,,No,,,
ABS,ABS MOULD 10-30 MFI,HI121,LG,,No,,,
ABS,ABS MOULD 10-30 MFI,HI121H,LG,ABS MOULD HI121H - LG,Yes,201.34,,
ABS,ABS MOULD 10-30 MFI,MP220,LG,ABS MOULD MP220 - LG,Yes,224.75,,
ABS,ABS MOULD 10-30 MFI,MP220-H,LG,,No,,,
ABS,ABS MOULD 10-30 MFI,PT270,LG,,No,,,
ABS,ABS MOULD 10-30 MFI,TR557,LG,,No,,,
ABS,ABS MOULD 10-30 MFI,TR558A,LG,ABS MOULD TR558A - LG,Yes,289.75,,
ABS,ABS MOULD 10-30 MFI,PT-0180H,LOTTE,,No,,,
ABS,ABS MOULD 10-30 MFI,SD-0150(BLACK-K2007),LOTTE,,No,,,
ABS,ABS MOULD 10-30 MFI,SD-0150(BLACK),LOTTE,,No,,,
ABS,ABS MOULD 10-30 MFI,SD-0150(IFB-WHITE),LOTTE,,No,,,
ABS,ABS MOULD 10-30 MFI,SD-0150(PARKAR-WHITE),LOTTE,,No,,,
ABS,ABS MOULD 10-30 MFI,SD-0150W,LOTTE,ABS MOULD SD-0150W - LOTTE,Yes,204.75,,
ABS,ABS MOULD 10-30 MFI,SR-0300-GREY,LOTTE,,No,,,
ABS,ABS MOULD 10-30 MFI,TX-0510,LOTTE,,No,,,
ABS,ABS MOULD 10-30 MFI,TX-0520,LOTTE,,No,,,
ABS,ABS MOULD 10-30 MFI,AP102,POLIMAXX,,No,,,
ABS,ABS MOULD 10-30 MFI,GA300,POLIMAXX,,No,,,
ABS,ABS MOULD 10-30 MFI,GA800,POLIMAXX,,No,,,
ABS,ABS MOULD 10-30 MFI,GA850,POLIMAXX,ABS MOULD GA850 - POLIMAXX,Yes,190.75,,
ABS,ABS MOULD 10-30 MFI,SP100,POLIMAXX,,No,,,
ABS,ABS MOULD 10-30 MFI,SP200,POLIMAXX,,No,,,
ABS,ABS MOULD 10-30 MFI,DL200H,SABIC,,No,,,
ABS,ABS MOULD 10-30 MFI,HMG47MD,SABIC,,No,,,
ABS,ABS MOULD 10-30 MFI,MG38F,SABIC,,No,,,
ABS,ABS MOULD 10-30 MFI,MG38N,SABIC,,No,,,
ABS,ABS MOULD 10-30 MFI,MG47,SABIC,,No,,,
ABS,ABS MOULD 10-30 MFI,MG47F,SABIC,,No,,,
ABS,ABS MOULD 10-30 MFI,MG47F(BLACK),SABIC,,No,,,
ABS,ABS MOULD 10-30 MFI,MG94,SABIC,,No,,,
ABS,ABS MOULD 10-30 MFI,MG94U,SABIC,,No,,,
ABS,ABS MOULD 10-30 MFI,X11,SABIC,,No,,,
ABS,ABS MOULD 10-30 MFI,100,STYRENIX,,No,,,
ABS,ABS MOULD 10-30 MFI,100_BLACK,STYRENIX,,No,,,
ABS,ABS MOULD 10-30 MFI,100_SP_NATURAL,STYRENIX,,No,,,
ABS,ABS MOULD 10-30 MFI,1040_NATURAL,STYRENIX,,No,,,
ABS,ABS MOULD 10-30 MFI,120,STYRENIX,,No,,,
ABS,ABS MOULD 10-30 MFI,120_ERGO_WHITE,STYRENIX,,No,,,
ABS,ABS MOULD 10-30 MFI,120_HR_UVS_BLACK,STYRENIX,,No,,,
ABS,ABS MOULD 10-30 MFI,120_IFB_WHITE,STYRENIX,,No,,,
ABS,ABS MOULD 10-30 MFI,140,STYRENIX,,No,,,
ABS,ABS MOULD 10-30 MFI,150,STYRENIX,,No,,,
ABS,ABS MOULD 10-30 MFI,150_NATURAL,STYRENIX,,No,,,
ABS,ABS MOULD 10-30 MFI,200_EP_NATURAL,STYRENIX,,No,,,
ABS,ABS MOULD 10-30 MFI,30GF15%,STYRENIX,,No,,,
ABS,ABS MOULD 10-30 MFI,30GF20%,STYRENIX,,No,,,
ABS,ABS MOULD 10-30 MFI,320,STYRENIX,,No,,,
ABS,ABS MOULD 10-30 MFI,320_LG_DK_PURPLE,STYRENIX,,No,,,
ABS,ABS MOULD 10-30 MFI,320_UVS_PURPLE_VT400003,STYRENIX,,No,,,
ABS,ABS MOULD 10-30 MFI,700_CAVE_BROWN,STYRENIX,,No,,,
ABS,ABS MOULD 10-30 MFI,700_DELHI_BLUE,STYRENIX,,No,,,
ABS,ABS MOULD 10-30 MFI,700_GM_ACO_WHITE,STYRENIX,,No,,,
ABS,ABS MOULD 10-30 MFI,700_GM_WHITE,STYRENIX,,No,,,
ABS,ABS MOULD 10-30 MFI,700_GM_YELLOW,STYRENIX,,No,,,
ABS,ABS MOULD 10-30 MFI,700_HC_GREY,STYRENIX,,No,,,
ABS,ABS MOULD 10-30 MFI,700_IFB_WHITE,STYRENIX,,No,,,
ABS,ABS MOULD 10-30 MFI,700_IO_WHITE,STYRENIX,,No,,,
ABS,ABS MOULD 10-30 MFI,700_JET_BLACK,STYRENIX,,No,,,
ABS,ABS MOULD 10-30 MFI,700_LIGHT_GREY,STYRENIX,,No,,,
ABS,ABS MOULD 10-30 MFI,700_MAHARAJA_LT_GREY,STYRENIX,,No,,,
ABS,ABS MOULD 10-30 MFI,700_OPAL_WHITE,STYRENIX,,No,,,
ABS,ABS MOULD 10-30 MFI,700_ORANGE_OR200007,STYRENIX,,No,,,
ABS,ABS MOULD 10-30 MFI,700_PARROT_GREEN,STYRENIX,,No,,,
ABS,ABS MOULD 10-30 MFI,700_PHILIPS_APPLE_YELLOW,STYRENIX,,No,,,
ABS,ABS MOULD 10-30 MFI,700_ROMA_WHITE,STYRENIX,,No,,,
ABS,ABS MOULD 10-30 MFI,700_STANDARD_RED,STYRENIX,,No,,,
ABS,ABS MOULD 10-30 MFI,700_WT0_12195,STYRENIX,,No,,,
ABS,ABS MOULD 10-30 MFI,800_JET_BLACK,STYRENIX,,No,,,
ABS,ABS MOULD 10-30 MFI,8265,STYRENIX,,No,,,
ABS,ABS MOULD 10-30 MFI,920_NATURAL,STYRENIX,,No,,,
ABS,ABS MOULD 10-30 MFI,DP29M_Q633_BLACK,STYRENIX,,No,,,
ABS,ABS MOULD 10-30 MFI,MP190,STYRENIX,,No,,,
ABS,ABS MOULD 10-30 MFI,XT04M,STYRENIX,,No,,,
ABS,ABS MOULD 10-30 MFI,SA-300MU,SUPREME,,No,,,
ABS,ABS MOULD 10-30 MFI,SA-330MF,SUPREME,ABS MOULD SA-330MF - SUPREME,Yes,188.38,,
ABS,ABS MOULD 10-30 MFI,SP8110-XXXX,SUPREME,,No,,,
ABS,ABS MOULD 10-30 MFI,SP8131,SUPREME,ABS MOULD SP8131 - SUPREME,Yes,187.18,,
ABS,ABS MOULD 10-30 MFI,1000,TAITA,,No,,,
ABS,ABS MOULD 10-30 MFI,5000,TAITA,,No,,,
ABS,ABS MOULD 10-30 MFI,5000M,TAITA,,No,,,
ABS,ABS MOULD 10-30 MFI,5000M(BLACK),TAITA,,No,,,
ABS,ABS MOULD 10-30 MFI,5000S,TAITA,,No,,,
ABS,ABS MOULD 10-30 MFI,5000W,TAITA,ABS MOULD 5000W - TAITA,Yes,192.45,,
ABS,ABS MOULD 10-30 MFI,100322U,TORAY,,No,,,
ABS,ABS MOULD 10-30 MFI,929-555,TORAY,,No,,,
ABS,ABS MOULD 10-30 MFI,3325MT,TRINSEO,,No,,,
ABS,ABS MOULD 10-30 MFI,3525,TRINSEO,,No,,,
ABS,ABS MOULD 10-30 MFI,ABS-ZA02111 - ZPC,ZPC,ABS MOULD ABS-ZA02111 - ZPC,Yes,188.45,,
ABS,ABS_FLAKES,GABS010B,SOURCE.RE,,No,,,
ABS,ABS_FLAKES,GABS010W,SOURCE.RE,,No,,,
ACETONE,SOLVENTS_BARREL,ACETONE_IMPORTED_BARREL,,ACETONE  ACETONE_IMPORTED_BARREL,Yes,146.20,,
ALKYL,ALKYL AMINES,TRI_ETHYLAMINE,ALKYL AMINE,,No,,,
ALKYL,ALKYL AMINES,DEA,MANY,,No,,,
BASE_OIL,BASE_OIL,WHITE_N60_2CST,,BASE_OIL GROUP II WHITE_N60_2CST,Yes,120.05,,
BASE_OIL,BASE_OIL,WHITE_N70,,BASE_OIL GROUP II WHITE_N70,Yes,140.25,,
BASE_OIL,BASE_OIL,YELLOW_SN500,,BASE_OIL GROUP I YELLOW_SN500,Yes,133.70,,
BOPP,BOPP,1104K,ADVANCED,,No,,,
BOPP,BOPP,T36F,ARPC-IRAN,,No,,,
BOPP,BOPP,HP3644,BASELL,,No,,,
BOPP,BOPP,HP6047,BASELL,,No,,,
BOPP,BOPP,HC-300BF,BOREALIS,,No,,,
BOPP,BOPP,HC300BF,BOREALIS,,No,,,
BOPP,BOPP,HC318BF,BOREALIS,,No,,,
BOPP,BOPP,HC-370BF,BOROUGE,,No,,,
BOPP,BOPP,HP600J,BOROUGE,,No,,,
BOPP,BOPP,FF030F2,BRASKEM,,No,,,
BOPP,BOPP,HF2.0BM,CHANDRA,,No,,,
BOPP,BOPP,6064,HMC,,No,,,
BOPP,BOPP,HA6124,HMC,,No,,,
BOPP,BOPP,RC116L,HMC,,No,,,
BOPP,BOPP,RC221L,HMC,,No,,,
BOPP,BOPP,F03RR,HMEL,,No,,,
BOPP,BOPP,1030FG,IOCL,,No,,,
BOPP,BOPP,5014L,KOREA,,No,,,
BOPP,BOPP,HP3104K,LUBAN,,No,,,
BOPP,BOPP,HP3107K,LUBAN,,No,,,
BOPP,BOPP,PPF03,ORIENTAL,,No,,,
BOPP,BOPP,HF029,QURAIN,,No,,,
BOPP,BOPP,HT029,QURAIN,,No,,,
BOPP,BOPP,H029SG,RIL,,No,,,
BOPP,BOPP,H034SG,RIL,,No,,,
BOPP,BOPP,521P,SABIC,,No,,,
BOPP,BOPP,5231P,SABIC,,No,,,
BOPP,BOPP,524P,SABIC,,No,,,
BOPP,BOPP,H031-BF/3,SIBUR,,No,,,
BOPP,BOPP,PPH-03D,SINOPEC,,No,,,
BOPP,BOPP,FS5612,TPC,,No,,,
BOPP,BOPP,NSF113D,VIETNAM,,No,,,
BUTYL_GLYCOL,SOLVENTS_BARREL,BUTYL_GLYCOL_BARREL,,BUTYL_GLYCOL  BUTYL_GLYCOL_BARREL,Yes,182.70,,
COMPOUND,COMPOUND_PC-ABS,SPCABS10,Source re,,No,,,
COMPOUND,COMPOUND_PVC,SPVC04EAW,Source re,,No,,,
COMPOUND,COMPOUND_PVC,SPVC04EAW,SOURCE.RE,,No,,,
COMPOUNDED,COMPOUNDED HDPE,MC-01PC-31-BLACK,MPPC,,No,,,
COMPOUNDED,COMPOUNDED PBT,EP5510GY02,ESTER INDUSTRIES,,No,,,
COMPOUNDED,COMPOUNDED PBT,TE_5100,LG,,No,,,
COMPOUNDED,COMPOUNDED PBT,PBT_30GF_BLACK,PBT-30%GF,,No,,,
COMPOUNDED,COMPOUNDED PBT,PBT_30GF_NAT,PBT-30%GF,,No,,,
COMPOUNDED,COMPOUNDED PBT,PBT_30GF_BLACK_V0_FR,PBT-30%GF FR V0 (BLACK),,No,,,
COMPOUNDED,COMPOUNDED PBT,PBT_30GF_NAT_V0_FR,PBT-30%GF FR V0 (NATURAL),,No,,,
COMPOUNDED,COMPOUNDED PC,JH960-6300ECBKG002,KINGFA,,No,,,
COMPOUNDED,COMPOUNDED PP,03CP_10TF_N,10%TF (NATURAL),,No,,,
COMPOUNDED,COMPOUNDED PP,03P15GFBLK70705,15%GF (BLACK),,No,,,
COMPOUNDED,COMPOUNDED PP,03P_20GF_BLK,20%GF (BLACK),,No,,,
COMPOUNDED,COMPOUNDED PP,G20ECOBK,20%GF (BLACK),,No,,,
COMPOUNDED,COMPOUNDED PP,03P_20GF_NAT,20%GF (NATURAL),,No,,,
COMPOUNDED,COMPOUNDED PP,G20SONL,20%GF (NATURAL),,No,,,
COMPOUNDED,COMPOUNDED PP,03CP_20TF_N(75195),20%TALC FILLED,,No,,,
COMPOUNDED,COMPOUNDED PP,MF20SONL,20%TALC FILLED,,No,,,
COMPOUNDED,COMPOUNDED PP,03P20TFBLK2501,20%TF (BLACK),,No,,,
COMPOUNDED,COMPOUNDED PP,03CP20TFT.COOLWHITE,20%TF (COOL WHITE),,No,,,
COMPOUNDED,COMPOUNDED PP,03P20TFGFRY75710,20%TF (GREY),,No,,,
COMPOUNDED,COMPOUNDED PP,03P_30GF_BLK,30%GF (BLACK),,No,,,
COMPOUNDED,COMPOUNDED PP,30GF_BLK,30%GF (BLACK),,No,,,
COMPOUNDED,COMPOUNDED PP,G30ECOBK,30%GF (BLACK),,No,,,
COMPOUNDED,COMPOUNDED PP,30GF_NAT,30%GF (NATURAL),,No,,,
COMPOUNDED,COMPOUNDED PP,G30SONL,30%GF (NATURAL),,No,,,
COMPOUNDED,COMPOUNDED PP,03CP30TFT.COOLWHITE,30%TF (COOL WHITE),,No,,,
COMPOUNDED,COMPOUNDED PP,PPTFD.GREY75513,30%TF (GREY),,No,,,
COMPOUNDED,COMPOUNDED PP,PP_020TF_NAT,RAVAGO,,No,,,
COMPOUNDED,COMPOUNDED PP,SP8541,SUPREME,,No,,,
COMPOUNDED,COMPOUNDED SAN,GFAS-20,KINGFA,,No,,,
COMPOUNDED,COMPOUNDED SAN,GFAS-30,KINGFA,,No,,,
COMPOUNDS,COMPOUNDED NYLON,I-6GF30_BLACK,ASCEND,,No,,,
COMPOUNDS,COMPOUNDED NYLON,N6GF15LT_BLK,ASCEND,,No,,,
COMPOUNDS,COMPOUNDED NYLON,N6GF30_BLACK,ASCEND,,No,,,
COMPOUNDS,COMPOUNDED NYLON,N6GF30LT_BLK,ASCEND,,No,,,
COMPOUNDS,COMPOUNDED NYLON,N6GF30LT_NAT,ASCEND,,No,,,
COMPOUNDS,COMPOUNDED NYLON,R530H_BK0201,ASCEND,,No,,,
COMPOUNDS,COMPOUNDED NYLON,R530H_NAT,ASCEND,,No,,,
COMPOUNDS,COMPOUNDED NYLON,SN6GF30LT_NAT,ASCEND,,No,,,
COMPOUNDS,COMPOUNDED NYLON,A218V30NC,DOMO,,No,,,
COMPOUNDS,COMPOUNDED NYLON,C216S20V10BK,DOMO,,No,,,
COMPOUNDS,COMPOUNDED NYLON,C218LV30,DOMO,COMPOUNDS PA6-30%GF C218LV30 - DOMO,Yes,243.81,,
COMPOUNDS,COMPOUNDED NYLON,C218V30BK21N,DOMO,,No,,,
COMPOUNDS,COMPOUNDED NYLON,C219V30BK,DOMO,COMPOUNDS PA6-30%GF C219V30BK - DOMO,Yes,241.81,,
COMPOUNDS,COMPOUNDED NYLON,K224-G6,ENVALIOR,,No,,,
COMPOUNDS,COMPOUNDED NYLON,RGF33W_BLACK,ENVALIOR,,No,,,
COMPOUNDS,COMPOUNDED NYLON,SGF30-BLACK,ENVALIOR,,No,,,
COMPOUNDS,COMPOUNDED NYLON,AHBK003(RC)_BLACK,KINGFA,,No,,,
COMPOUNDS,COMPOUNDED NYLON,G33HS,KINGFA,,No,,,
COMPOUNDS,COMPOUNDED NYLON,PA6_G15,KINGFA,,No,,,
COMPOUNDS,COMPOUNDED NYLON,PA6_G15_GREY,KINGFA,,No,,,
COMPOUNDS,COMPOUNDED NYLON,1100/30H2.0-901510,LANXESS,,No,,,
COMPOUNDS,COMPOUNDED NYLON,1100/30H2.0901510,LANXESS,,No,,,
COMPOUNDS,COMPOUNDED NYLON,AKV50H2.0-901510,LANXESS,,No,,,
COMPOUNDS,COMPOUNDED NYLON,BG30X-H2.0/901510,LANXESS,,No,,,
COMPOUNDS,COMPOUNDED NYLON,BKV30H2.0901510,LANXESS,COMPOUNDS PA6-30%GF BKV30H2.0901510 - LANXESS,Yes,192.75,,
COMPOUNDS,COMPOUNDED NYLON,BKV30H3.0EF-901510,LANXESS,,No,,,
COMPOUNDS,COMPOUNDED NYLON,BKV35HTS-901510,LANXESS,,No,,,
COMPOUNDS,COMPOUNDED NYLON,BKV40H2.0-901510,LANXESS,,No,,,
COMPOUNDS,COMPOUNDED NYLON,BKV40H2.0EF-900116,LANXESS,,No,,,
COMPOUNDS,COMPOUNDED NYLON,BKV50H2.0-901510,LANXESS,COMPOUNDS PA6 - 50% GF BKV50H2.0-901510 - LANXESS,Yes,172.75,,
COMPOUNDS,COMPOUNDED NYLON,GP2300AW,LG CHEM,,No,,,
COMPOUNDS,COMPOUNDED NYLON,NLG16SONL,PA6-15%GF,,No,,,
COMPOUNDS,COMPOUNDED NYLON,DR3115X_BLACK,PA6-15%GF (BLACK),,No,,,
COMPOUNDS,COMPOUNDED NYLON,NLG16ECOBK,PA6-15%GF (BLACK),,No,,,
COMPOUNDS,COMPOUNDED NYLON,07N6_30GF_BLK-3051,PA6-30%GF,,No,,,
COMPOUNDS,COMPOUNDED NYLON,07N6_30GF_D_NAT3040,PA6-30%GF,,No,,,
COMPOUNDS,COMPOUNDED NYLON,07N6_30GF_N-3052,PA6-30%GF,,No,,,
COMPOUNDS,COMPOUNDED NYLON,DR3130X_NAT,PA6-30%GF,,No,,,
COMPOUNDS,COMPOUNDED NYLON,NLG30SONL,PA6-30%GF,,No,,,
COMPOUNDS,COMPOUNDED NYLON,07N630GFBLACK3017,PA6-30%GF  (BLACK),,No,,,
COMPOUNDS,COMPOUNDED NYLON,DR3130X_BK,PA6-30%GF (BLACK),,No,,,
COMPOUNDS,COMPOUNDED NYLON,07N6_UN_BLACK-014,PA6(BLACK),,No,,,
COMPOUNDS,COMPOUNDED NYLON,07N6_UN_NAT-014,PA6(NATURAL),,No,,,
COMPOUNDS,COMPOUNDED NYLON,07N66_30GF_N-3001,PA66-30%GF,,No,,,
COMPOUNDS,COMPOUNDED NYLON,07N66_30GF_BLK-3002,PA66-30%GF (BLACK),,No,,,
COMPOUNDS,COMPOUNDED NYLON,NLG30ECOBK,PA66-30%GF (BLACK),,No,,,
COMPOUNDS,COMPOUNDS,S1030GF,SOURCE.RE,,No,,,
COMPOUNDS,COMPOUNDS,S2020BL-FR,SOURCE.RE,,No,,,
COMPOUNDS,COMPOUNDS,S2120NL,SOURCE.RE,,No,,,
COMPOUNDS,COMPOUNDS,S2140BL-FR,SOURCE.RE,,No,,,
COMPOUNDS,COMPOUNDS,S6630BK-FR,SOURCE.RE,,No,,,
COMPOUNDS,COMPOUNDS,S9030BL-FR,SOURCE.RE,,No,,,
COMPOUNDS,COMPOUNDS,SPCABS10,SOURCE.RE,,No,,,
COMPOUNDS,COMPOUNDS,SPPABS10,SOURCE.RE,,No,,,
CPVC,CPVC,Z500,GAOXIN,,No,,,
CPVC,CPVC,HC-17,HANWHA,,No,,,
CPVC,CPVC,H727,KANEKA,,No,,,
CPVC,CPVC,H761,KANEKA,,No,,,
CPVC,CPVC,H829,KANEKA,,No,,,
CPVC,CPVC,HA-28K,SEKISUI,,No,,,
CPVC,CPVC,HA-58K,SEKISUI,,No,,,
CPVC,CPVC,SS-5HT,SEKISUI,,No,,,
CPVC,CPVC,XSJ-700,SHANDONG,,No,,,
DISABLED,DISABLED,EV3251F,CHANG,,No,,,
DISABLED,DISABLED,EV4405F,CHANG,,No,,,
DISABLED,DISABLED,F171B,KURARAY,,No,,,
DISABLED,DISABLED,H171B,KURARAY,,No,,,
DISABLED,DISABLED,D-2908,MITSUBISHI,,No,,,
DISABLED,DISABLED,DC-3203-RB,MITSUBISHI,,No,,,
ELASTOMER,POE,PK1088,DL CHEMICAL,ELASTOMER POE PK1088 - DL CHEMICAL,Yes,184.71,,
ELASTOMER,POE,8003,DOW,,No,,,
ELASTOMER,POE,8180,DOW,,No,,,
ELASTOMER,POE,PV-8660,DOW,,No,,,
ELASTOMER,POE,PV8669,DOW,,No,,,
ELASTOMER,POE,LC100,LG,,No,,,
ELASTOMER,POE,LC168,LG,,No,,,
ELASTOMER,POE,LC180,LG,,No,,,
ELASTOMER,POE,LC565,LG,,No,,,
ELASTOMER,POE,LC565GB,LG,,No,,,
ELASTOMER,POE,LC575,LG,,No,,,
ELASTOMER,POE,LC575-GB,LG,,No,,,
ELASTOMER,POE,LC670,LG,,No,,,
ELASTOMER,POE,LC670-GA,LG,,No,,,
ELASTOMER,POE,LC670-GB,LG,,No,,,
ELASTOMER,POE,LF-575,LG,ELASTOMER POE LF-575 - LG,Yes,184.71,,
ELASTOMER,POE,LEB6550,LOTTE,,No,,,
ELASTOMER,POE,LEB6550SA-NONPRIME,LOTTE,,No,,,
ELASTOMER,POE,DF640,MITSUI CHEMICALS,,No,,,
ELASTOMER,POE,DF740,MITSUI CHEMICALS,,No,,,
ELASTOMER,POE,C05075DF,SABIC,,No,,,
ELASTOMER,POE,C3080,SABIC,,No,,,
ELASTOMER,POE,C5070D,SABIC,ELASTOMER  C5070D - SABIC,Yes,216.18,,
ELASTOMER,POE,C5070D-OFFGRADE,SABIC,,No,,,
ELASTOMER,POE,4865,SK,,No,,,
ELASTOMER,POE,875L,SK,,No,,,
ELASTOMER,VISTAMAX,DF8200,TAFMER,ELASTOMER POE DF8200 - TAFMER,Yes,184.25,,
EVA,EVA <=15%,2510A,BRASKEM,,No,,,
EVA,EVA <=15%,P1007,DOW,,No,,,
EVA,EVA <=15%,02514-FL,EXXON,,No,,,
EVA,EVA <=15%,7320M,FORMOSA,,No,,,
EVA,EVA <=15%,ML20,GREENFLEX,,No,,,
EVA,EVA <=15%,2050,HANWHA,,No,,,
EVA,EVA <=15%,802,MARPOL,,No,,,
EVA,EVA 18% VA,BAOFENG-1803C,,EVA EVA 18% BAOFENG-1803C,Yes,157.68,,
EVA,EVA 18% VA,EV303,APC,,No,,,
EVA,EVA 18% VA,A1825,ARAMCO,,No,,,
EVA,EVA 18% VA,3019,BRASKEM,,No,,,
EVA,EVA 18% VA,460,DOW,,No,,,
EVA,EVA 18% VA,EV460,DOW-MITSUI,,No,,,
EVA,EVA 18% VA,ELVAX410,DUPONT,,No,,,
EVA,EVA 18% VA,FL00218,EXXON,,No,,,
EVA,EVA 18% VA,LD728,EXXON,,No,,,
EVA,EVA 18% VA,7350M,FORMOSA,,No,,,
EVA,EVA 18% VA,7360M,FORMOSA,,No,,,
EVA,EVA 18% VA,FD50-NONPRIME,GREENFLEX,,No,,,
EVA,EVA 18% VA,FD50F-NONPRIME,GREENFLEX,,No,,,
EVA,EVA 18% VA,FL55,GREENFLEX,,No,,,
EVA,EVA 18% VA,ML50,GREENFLEX,,No,,,
EVA,EVA 18% VA,ML50-NONPRIME,GREENFLEX,,No,,,
EVA,EVA 18% VA,ML50F,GREENFLEX,,No,,,
EVA,EVA 18% VA,1157,HANWHA,,No,,,
EVA,EVA 18% VA,1218,HANWHA,,No,,,
EVA,EVA 18% VA,1316,HANWHA,,No,,,
EVA,EVA 18% VA,1319,HANWHA,,No,,,
EVA,EVA 18% VA,2319,HANWHA,EVA  2319 - HANWHA,Yes,189.28,,
EVA,EVA 18% VA,2319-NONPRIME,HANWHA,,No,,,
EVA,EVA 18% VA,6319,HANWHA,,No,,,
EVA,EVA 18% VA,E180F,HANWHA,,No,,,
EVA,EVA 18% VA,E180F-JUMBOBAGS,HANWHA,,No,,,
EVA,EVA 18% VA,E181F,HANWHA,,No,,,
EVA,EVA 18% VA,E181L,HANWHA,,No,,,
EVA,EVA 18% VA,E182L,HANWHA,,No,,,
EVA,EVA 18% VA,LVL730,LOTTE,,No,,,
EVA,EVA 18% VA,LVS430,LOTTE,EVA  LVS430 - LOTTE,Yes,158.18,,
EVA,EVA 18% VA,LVS520,LOTTE,,No,,,
EVA,EVA 18% VA,VA920,LOTTE,,No,,,
EVA,EVA 18% VA,VA930,LOTTE,,No,,,
EVA,EVA 18% VA,VS430,LOTTE,,No,,,
EVA,EVA 18% VA,1802,MARPOL,,No,,,
EVA,EVA 18% VA,1803,MARPOL,,No,,,
EVA,EVA 18% VA,218,MONTACHEM,,No,,,
EVA,EVA 18% VA,N8038,POLENE,EVA  N8038 - POLENE,Yes,161.45,,
EVA,EVA 18% VA,P1820C,REPSOL,,No,,,
EVA,EVA 18% VA,2518-DF,SABIC,EVA  2518-DF - SABIC,Yes,161.18,,
EVA,EVA 18% VA,EVA18J3,SINOPEC,,No,,,
EVA,EVA 18% VA,2518-CO,SIPCHEM,EVA  2518-CO - SIPCHEM,Yes,160.18,,
EVA,EVA 18% VA,2/18,STAR,,No,,,
EVA,EVA 18% VA,H2201,SUMITOMO,,No,,,
EVA,EVA 18% VA,1020VN5,TOTAL,,No,,,
EVA,EVA 18% VA,1020-VN-5,TOTAL ENERGIES,,No,,,
EVA,EVA 18% VA,D5UA-OFFGRADE,TOTAL ENERGIES,,No,,,
EVA,EVA 18% VA,H2181,TPC,,No,,,
EVA,EVA 18% VA,18C2943,TRICON,,No,,,
EVA,EVA 20.12,6319-OFFGRADE,HANWHA,,No,,,
EVA,EVA 28%,ZPC-V6120M,,EVA EVA 28% ZPC-V6120M,Yes,179.18,,
EVA,EVA 28%,28-03,ARKEMA,,No,,,
EVA,EVA 28%,HM2528,BRASKEM,,No,,,
EVA,EVA 28%,260,DOW,,No,,,
EVA,EVA 28%,265,DOW,,No,,,
EVA,EVA 28%,40L-03,DOW,,No,,,
EVA,EVA 28%,40W,DOW,EVA  40W - DOW,Yes,264.75,,
EVA,EVA 28%,EV-260,DOW,,No,,,
EVA,EVA 28%,EV250,DOW,,No,,,
EVA,EVA 28%,P2808R,DOW,,No,,,
EVA,EVA 28%,V421,DOW,,No,,,
EVA,EVA 28%,EV210ETR,DOW-MITSUI,,No,,,
EVA,EVA 28%,EV260,DOW-MITSUI,,No,,,
EVA,EVA 28%,EV40LW,DOW-MITSUI,EVA  EV40LW - DOW-MITSUI,Yes,369.75,,
EVA,EVA 28%,25028,EXXON,,No,,,
EVA,EVA 28%,3027FL,EXXON,,No,,,
EVA,EVA 28%,40028CC,EXXON,,No,,,
EVA,EVA 28%,FL00328,EXXON,,No,,,
EVA,EVA 28%,7760S,FORMOSA,,No,,,
EVA,EVA 28%,E263F,HANWA,,No,,,
EVA,EVA 28%,1159,HANWHA,,No,,,
EVA,EVA 28%,1625,HANWHA,,No,,,
EVA,EVA 28%,1628,HANWHA,,No,,,
EVA,EVA 28%,1631,HANWHA,,No,,,
EVA,EVA 28%,1828,HANWHA,,No,,,
EVA,EVA 28%,6328-NEARPRIME,HANWHA,,No,,,
EVA,EVA 28%,6631,HANWHA,,No,,,
EVA,EVA 28%,6631-JUMBOBAGS,HANWHA,,No,,,
EVA,EVA 28%,E265F,HANWHA,,No,,,
EVA,EVA 28%,E280PV,HANWHA,,No,,,
EVA,EVA 28%,E282PV,HANWHA,EVA  E282PV - HANWHA,Yes,196.18,,
EVA,EVA 28%,E282PV-JUMBO,HANWHA,,No,,,
EVA,EVA 28%,NEARPRIME,HANWHA,,No,,,
EVA,EVA 28%,28400,LG,EVA  28400 - LG,Yes,222.75,,
EVA,EVA 28%,EA28025,LG,EVA  EA28025 - LG,Yes,195.45,,
EVA,EVA 28%,EA28025-GB,LG,,No,,,
EVA,EVA 28%,EA28150,LG,,No,,,
EVA,EVA 28%,EA28150-GB,LG,,No,,,
EVA,EVA 28%,EA33018,LG,,No,,,
EVA,EVA 28%,EA33045,LG,,No,,,
EVA,EVA 28%,EA40055,LG,,No,,,
EVA,EVA 28%,EC33018,LG,,No,,,
EVA,EVA 28%,EP28025,LG,,No,,,
EVA,EVA 28%,EP28025-JUMBOBAG-600KGS,LG,,No,,,
EVA,EVA 28%,ES28005,LG,EVA  ES28005 - LG,Yes,209.75,,
EVA,EVA 28%,ES28005-GB,LG,,No,,,
EVA,EVA 28%,LVE-810,LOTTE,,No,,,
EVA,EVA 28%,LVE-810-JUMBOBAGS,LOTTE,EVA 28% LVE-810-JUMBOBAGS - LOTTE,Yes,175.14,,
EVA,EVA 28%,VA600,LOTTE,,No,,,
EVA,EVA 28%,VA800,LOTTE,,No,,,
EVA,EVA 28%,VA810,LOTTE,,No,,,
EVA,EVA 28%,VA910,LOTTE,,No,,,
EVA,EVA 28%,VC590,LOTTE,,No,,,
EVA,EVA 28%,VC710,LOTTE,,No,,,
EVA,EVA 28%,VE800,LOTTE,,No,,,
EVA,EVA 28%,VS410,LOTTE,,No,,,
EVA,EVA 28%,VS420,LOTTE,,No,,,
EVA,EVA 28%,MV1055,POLENE,EVA  MV1055 - POLENE,Yes,186.18,,
EVA,EVA 28%,MV1055-NEARPRIME,POLENE,,No,,,
EVA,EVA 28%,SV1055,POLENE,,No,,,
EVA,EVA 28%,WV1055,POLENE,,No,,,
EVA,EVA 28%,YV1055,POLENE,,No,,,
EVA,EVA 28%,3522CO,SIPCHEM,,No,,,
EVA,EVA 28%,28-05,SK-FUNCTIONAL,,No,,,
EVA,EVA 28%,28-420,SK-GLOBAL,,No,,,
EVA,EVA 28%,40-55,SK-GLOBAL,,No,,,
EVA,EVA 28%,42-60,SK-GLOBAL,,No,,,
EVA,EVA 28%,40120-OFFGRADE,SONALENE,,No,,,
EVA,EVA 28%,UE2828,USI,EVA  UE2828 - USI,Yes,184.71,,
EVA,EVA 28%,UE4003,USI,,No,,,
EVA,EVA 28%,UE634-04,USI,,No,,,
EVA,EVA 28%,UE4055,USI-EVATHENE,,No,,,
EVA,EVA 40%,4055-NEARPRIME,HANWHA,,No,,,
GLYCERINE,GLYCERINE BARREL,CP_GLYCERINE_BARREL_99.7_DCM,DCM SHRIRAM,,No,,,
GLYCERINE,GLYCERINE TANKER,CP,DCM,,No,,,
GLYCERINE,GLYCERINE TANKER,CP_GLYCERINE_TANKER_99.7_DCM,DCM SHRIRAM,,No,,,
GLYCERINE,GLYCERINE TANKER,G_CP,GODREJ,,No,,,
GLYCERINE,GLYCERINE TANKER,99.7,PT DUA KUDA,,No,,,
GLYCERINE,GLYCERINE TANKER,99.5,PT. SINARMAS,,No,,,
GPPS,GPPS EXTRUSION,1115,PETROPAAK,,No,,,
GPPS,GPPS EXTRUSION,155S-NONPRIME,SABIC,,No,,,
GPPS,GPPS EXTRUSION,PS-155,SABIC,,No,,,
GPPS,GPPS EXTRUSION,PS-160,SABIC,,No,,,
GPPS,GPPS EXTRUSION,G-241,VERCELL,,No,,,
GPPS,GPPS MOULD <6 MI,APP104,ALLIANCE PETROPLAST,,No,,,
GPPS,GPPS MOULD <6 MI,APP104LVLT,ALLIANCE PETROPLAST,,No,,,
GPPS,GPPS MOULD <6 MI,2150,STYRENIX,,No,,,
GPPS,GPPS MOULD >10MI,APP108,ALLIANCE PETROPLAST,,No,,,
GPPS,GPPS MOULD >10MI,APP108HT,ALLIANCE PETROPLAST,,No,,,
GPPS,GPPS MOULD >10MI,GP5000,FORMOSA,,No,,,
GPPS,GPPS MOULD >10MI,145D,INEOS,,No,,,
GPPS,GPPS MOULD >10MI,MP08,MOHEB,,No,,,
GPPS,GPPS MOULD >10MI,32N,PGPIC,,No,,,
GPPS,GPPS MOULD >10MI,PS100,SABIC,,No,,,
GPPS,GPPS MOULD >10MI,PS131,STYRENIX,,No,,,
GPPS,GPPS MOULD >10MI,206,SUPREME,,No,,,
GPPS,GPPS MOULD >10MI,206HT,SUPREME,,No,,,
GPPS,GPPS MOULD >10MI,SC206,SUPREME,GPPS MOULD SC206 - SUPREME,Yes,164.88,,
GPPS,GPPS MOULD >10MI,1540,TABRIZ,,No,,,
GPPS,GPPS MOULD >10MI,861F,TAITA,,No,,,
GPPS,GPPS MOULD >10MI,VG-324,VERCELL,,No,,,
GPPS,GPPS MOULD 6-9 MI,APP105,ALLIANCE PETROPLAST,,No,,,
GPPS,GPPS MOULD 6-9 MI,KUNLUN-525,CHINA,,No,,,
GPPS,GPPS MOULD 6-9 MI,LIWAN-525,CHINA,GPPS MOULD LIWAN-525 - CHINA,Yes,163.18,,
GPPS,GPPS MOULD 6-9 MI,NP1-NONPRIME-PLAINBAGS,CHINA,,No,,,
GPPS,GPPS MOULD 6-9 MI,NP2-NONPRIME-PLAINBAGS,CHINA,,No,,,
GPPS,GPPS MOULD 6-9 MI,CR-3500,DIC CORP,,No,,,
GPPS,GPPS MOULD 6-9 MI,GP525,FORMOSA,,No,,,
GPPS,GPPS MOULD 6-9 MI,GP5250,FORMOSA,,No,,,
GPPS,GPPS MOULD 6-9 MI,GP525N,FORMOSA,,No,,,
GPPS,GPPS MOULD 6-9 MI,HLGP850S,HENGLI,,No,,,
GPPS,GPPS MOULD 6-9 MI,GP150,POLIMAXX,GPPS MOULD GP150 - POLIMAXX,Yes,161.75,,
GPPS,GPPS MOULD 6-9 MI,GP162-NONPRIME,POLIMAXX,,No,,,
GPPS,GPPS MOULD 6-9 MI,125,SABIC,,No,,,
GPPS,GPPS MOULD 6-9 MI,125S,SABIC,,No,,,
GPPS,GPPS MOULD 6-9 MI,125S-NONPRIME,SABIC,,No,,,
GPPS,GPPS MOULD 6-9 MI,STL-525,STL,,No,,,
GPPS,GPPS MOULD 6-9 MI,1441,STYRENIX,,No,,,
GPPS,GPPS MOULD 6-9 MI,PS-133,STYRENIX,,No,,,
GPPS,GPPS MOULD 6-9 MI,PS-133-NONPRIME,STYRENIX,,No,,,
GPPS,GPPS MOULD 6-9 MI,PS-147F-HT,STYRENIX,,No,,,
GPPS,GPPS MOULD 6-9 MI,147F(NONPRIME),STYRENIX (INEOS),,No,,,
GPPS,GPPS MOULD 6-9 MI,203EL,SUPREME,GPPS MOULD 203EL - SUPREME,Yes,163.81,,
GPPS,GPPS MOULD 6-9 MI,SC200,SUPREME,GPPS MOULD SC200 - SUPREME,Yes,164.68,,
GPPS,GPPS MOULD 6-9 MI,SC203TR,SUPREME,,No,,,
GPPS,GPPS MOULD 6-9 MI,861N,TAITA,GPPS MOULD 861N - TAITA,Yes,162.38,,
GPPS,GPPS MOULD 6-9 MI,866N/B,TAITA,GPPS MOULD 866N/B - TAITA,Yes,168.38,,
GPPS,GPPS MOULD 6-9 MI,G1551,TJAPC,,No,,,
GPPS,GPPS THERMO,4500G,DIC CORP,,No,,,
GPPS,GPPS THERMO,GP535N,FORMOSA,,No,,,
GPPS,GPPS THERMO,535,HAIWAN,,No,,,
GPPS,GPPS THERMO,HAIWAN-525,HAIWAN,,No,,,
GPPS,GPPS THERMO,G-116,HYUNDAI,,No,,,
GPPS,GPPS THERMO,158K,INEOS,,No,,,
GPPS,GPPS THERMO,158K-NONPRIME,INEOS,,No,,,
GPPS,GPPS THERMO,47F-NONPRIME,INEOS,,No,,,
GPPS,GPPS THERMO,GPS-525,KAOFU,,No,,,
GPPS,GPPS THERMO,GPS-525N,KAOFU,,No,,,
GPPS,GPPS THERMO,1161,PETROPAAK,,No,,,
GPPS,GPPS THERMO,PS136,STYRENIX (INEOS),,No,,,
GPPS,GPPS THERMO,201E,SUPREME,,No,,,
GPPS,GPPS THERMO,201LV,SUPREME,,No,,,
GPPS,GPPS THERMO,201LVLT,SUPREME,,No,,,
GPPS,GPPS THERMO,202EC,SUPREME,,No,,,
GPPS,GPPS THERMO,202EF,SUPREME,,No,,,
GPPS,GPPS THERMO,TOTAL-1540,TOTAL,,No,,,
GPPS,GPPS THERMO,1450,TPSC ASIA,,No,,,
GPPS,GPPS THERMO,525,VIETNAM,,No,,,
GPPS,GPPS THERMO,525N,VIETNAM,,No,,,
GRINDING,GRINDING,gB040EAU,Source re,,No,,,
GRINDING,GRINDING,SRC-GABS-01,Source re,,No,,,
GRINDING,GRINDING,SRC-GSAN-01,Source re,,No,,,
HDPE,GPBM,5502BN-MARLEX,,HDPE GPBM 5502BN-MARLEX,Yes,146.10,,
HDPE,GPBM,AC5502,ASIA CHEMICAL,,No,,,
HDPE,GPBM,5502S,BAOFENG,,No,,,
HDPE,GPBM,5831D,BASELL,,No,,,
HDPE,GPBM,ACP-6031-D,BASELL,,No,,,
HDPE,GPBM,ACP5331A,BASELL,,No,,,
HDPE,GPBM,HY55430,BASELL,,No,,,
HDPE,GPBM,LH735100,BASELL,,No,,,
HDPE,GPBM,HB0035,BIPC,,No,,,
HDPE,GPBM,BB2588,BOROUGE,,No,,,
HDPE,GPBM,MB501-OFFGRADE,BOROUGE,,No,,,
HDPE,GPBM,5502S-ZPC,CHINA,HDPE GPBM 5502S-ZPC - CHINA,Yes,138.25,,
HDPE,GPBM,HD5502XA,CHINA,,No,,,
HDPE,GPBM,6200,DOW,HDPE GPBM 6200 - DOW,Yes,133.45,,
HDPE,GPBM,DMDA-6400NT-7,DOW,,No,,,
HDPE,GPBM,EMDA-6200,EQUATE,,No,,,
HDPE,GPBM,49100HL,EXXON,,No,,,
HDPE,GPBM,AL55-003,EXXON,,No,,,
HDPE,GPBM,AS55-003,EXXON,,No,,,
HDPE,GPBM,BA46-055,EXXON,,No,,,
HDPE,GPBM,HD4504,EXXON,,No,,,
HDPE,GPBM,HD5003,EXXON,,No,,,
HDPE,GPBM,HD5404,EXXON,,No,,,
HDPE,GPBM,HYA600,EXXON,,No,,,
HDPE,GPBM,8003H,FORMOSA,,No,,,
HDPE,GPBM,9003,FORMOSA,,No,,,
HDPE,GPBM,HB5502B,FORMOSA,,No,,,
HDPE,GPBM,B52A003-OG,GAIL,,No,,,
HDPE,GPBM,B52A003A,GAIL,HDPE GPBM B52A003A - GAIL,Yes,138.18,,
HDPE,GPBM,B52A003B-NONPRIME,GAIL,,No,,,
HDPE,GPBM,B52A003NA,GAIL,HDPE GPBM B52A003NA - GAIL,Yes,141.39,,
HDPE,GPBM,B53A003U,GAIL,,No,,,
HDPE,GPBM,B53EA0035,GAIL,,No,,,
HDPE,GPBM,B53EA0035N,GAIL,,No,,,
HDPE,GPBM,B56A003,GAIL,,No,,,
HDPE,GPBM,B63A003,GAIL,HDPE GPBM B63A003 - GAIL,Yes,138.18,,
HDPE,GPBM,B63A003N,GAIL,HDPE GPBM B63A003N - GAIL,Yes,139.92,,
HDPE,GPBM,B6001L,HALDIA,,No,,,
HDPE,GPBM,B6401,HALDIA,HDPE GPBM B6401 - HALDIA,Yes,139.18,143.30,Ex-Depot
HDPE,GPBM,E5201,HALDIA,,No,,,
HDPE,GPBM,E5201S,HALDIA,HDPE GPBM E5201S - HALDIA,Yes,139.18,143.55,Ex-Depot
HDPE,GPBM,E5201S-NONPRIME,HALDIA,,No,,,
HDPE,GPBM,B0151D,HMEL,HDPE GPBM B0151D - HMEL,Yes,138.75,,
HDPE,GPBM,B0155D,HMEL,HDPE GPBM B0155D - HMEL,Yes,134.48,,
HDPE,GPBM,B0158D,HMEL,,No,,,
HDPE,GPBM,N0155D-NONPRIME,HMEL,,No,,,
HDPE,GPBM,N0158D-NONPRIME,HMEL,,No,,,
HDPE,GPBM,OGHDBD-OFFGRADE,HMEL,HDPE GPBM OGHDBD-OFFGRADE - HMEL,Yes,130.18,,
HDPE,GPBM,HBG00356,INDORAMA,,No,,,
HDPE,GPBM,010DB50,IOCL,,No,,,
HDPE,GPBM,012DB54,IOCL,,No,,,
HDPE,GPBM,012DB54-OFFGRADE-DXB,IOCL,,No,,,
HDPE,GPBM,012DB60,IOCL,,No,,,
HDPE,GPBM,Q-5502BN,LOTRENE,HDPE GPBM Q-5502BN - LOTRENE,Yes,153.75,,
HDPE,GPBM,B5333(6200),LUBAN,HDPE GPBM B5333(6200) - LUBAN,Yes,137.89,,
HDPE,GPBM,DMDA-6200,LUBAN,,No,,,
HDPE,GPBM,DMDA-6200-NONPRIME,LUBAN,HDPE GPBM DMDA-6200-NONPRIME - LUBAN,Yes,135.90,,
HDPE,GPBM,DMDH-6200-NONPRIME,LUBAN,,No,,,
HDPE,GPBM,DMDH-6400,LUBAN,,No,,,
HDPE,GPBM,DMDH-6400-NONPRIME,LUBAN,,No,,,
HDPE,GPBM,5202BN,MARLEX,,No,,,
HDPE,GPBM,EHM6007,MARLEX,,No,,,
HDPE,GPBM,HDB502,MARPOL,,No,,,
HDPE,GPBM,5502M,MONTACHEM,,No,,,
HDPE,GPBM,58A,NOVACHEMICALS,,No,,,
HDPE,GPBM,B48H03,OPAL,,No,,,
HDPE,GPBM,B5004,OPAL,HDPE GPBM B5004 - OPAL,Yes,137.92,165.49,Ex-Depot
HDPE,GPBM,B5004-NONPRIME,OPAL,,No,,,
HDPE,GPBM,B6003,OPAL,,No,,,
HDPE,GPBM,B6106,OPAL,,No,,,
HDPE,GPBM,HD5420GA,PETROCHINA,,No,,,
HDPE,GPBM,46GB012,RIL,,No,,,
HDPE,GPBM,52GB010,RIL,,No,,,
HDPE,GPBM,54GB012,RIL,HDPE GPBM 54GB012 - RIL,Yes,145.44,167.10,Ex-Depot
HDPE,GPBM,B56003,RIL,HDPE GPBM B56003 - RIL,Yes,143.81,164.85,Ex-Depot
HDPE,GPBM,B60003,RIL,,No,,,
HDPE,GPBM,B1254,SABIC,,No,,,
HDPE,GPBM,B5429,SABIC,,No,,,
HDPE,GPBM,B5628,SABIC,,No,,,
HDPE,GPBM,B5822M,SABIC,,No,,,
HDPE,GPBM,B5822M-NONPRIME,SABIC,,No,,,
HDPE,GPBM,DF-7655,SAFRIPOL,,No,,,
HDPE,GPBM,PE-HD10530-LB,SIBUR,,No,,,
HDPE,GPBM,HD20001B-OFFGRADE,SONALENE,,No,,,
HDPE,GPBM,HD20010-OFFGRADE,SONALENE,,No,,,
HDPE,GPBM,B2555,SUMITOMO,,No,,,
HDPE,GPBM,B2555-OFFGRADE,SUMITOMO,,No,,,
HDPE,GPBM,B1258,TASNEE,,No,,,
HDPE,GPBM,OFFGRADE,TASNEE,,No,,,
HDPE,GPBM,HB5502,TITAN,,No,,,
HDPE,GPBM,HD5502GA,TITAN,,No,,,
HDPE,GPBM,JAPAN-7300A-NONPRIME,TOSOH,,No,,,
HDPE,GPBM,56020XP,TOTAL,,No,,,
HDPE,GPBM,MS201BN-NA,TOTAL,,No,,,
HDPE,GPBM,HDB03954,TRICON,,No,,,
HDPE,GPBM,HDB5502,TRICON,,No,,,
HDPE,GPBM,EFHD011RP,VEOLIA,,No,,,
HDPE,HD FILM,FB1350,BOROUGE,HDPE MDPE FB1350 - BOROUGE,Yes,156.40,,
HDPE,HD FILM,FB1350-NONPRIME,BOROUGE,,No,,,
HDPE,HD FILM,FB1370,BOROUGE,,No,,,
HDPE,HD FILM,FB5600,BOROUGE,,No,,,
HDPE,HD FILM,5960G,DOW,,No,,,
HDPE,HD FILM,5960G1,DOW,,No,,,
HDPE,HD FILM,DGDC-2100NT7,DOW,,No,,,
HDPE,HD FILM,HD-6107,EXXON,,No,,,
HDPE,HD FILM,HD5001,EXXON,HDPE FILM HD5001 - EXXON,Yes,139.75,,
HDPE,HD FILM,E45A003A,GAIL,HDPE FILM E45A003A - GAIL,Yes,143.18,,
HDPE,HD FILM,E45A003B-NONPRIME,GAIL,,No,,,
HDPE,HD FILM,E45A003OG-OFFGRADE,GAIL,,No,,,
HDPE,HD FILM,F0146D,HMEL,HDPE FILM F0146D - HMEL,Yes,138.31,,
HDPE,HD FILM,F0153S,HMEL,HDPE FILM F0153S - HMEL,Yes,137.18,,
HDPE,HD FILM,N0146D-NONPRIME,HMEL,,No,,,
HDPE,HD FILM,N0153S-NONPRIME,HMEL,,No,,,
HDPE,HD FILM,F5010,OPAL,,No,,,
HDPE,HD FILM,F46003,RIL,HDPE FILM F46003 - RIL,Yes,149.75,165.83,Ex-Depot
HDPE,HD FILM,F46003E,RIL,,No,,,
HDPE,HD FILM,F60003,RIL,HDPE BLOW MOULDING F60003 - RIL,Yes,150.89,165.33,Ex-Depot
HDPE,HD FILM,F60080,RIL,,No,,,
HDPE,HD FILM,F04660,SABIC,,No,,,
HDPE,HD HM,TR144-MARLEX,,HDPE HM TR144-MARLEX,Yes,141.25,,
HDPE,HD HM,F5101,ARAMCO,,No,,,
HDPE,HD HM,N100WS,ASIA CHEMICAL,,No,,,
HDPE,HD HM,L5005,BASELL,HDPE HM L5005 - BASELL,Yes,138.89,,
HDPE,HD HM,FB1460,BOREALIS,,No,,,
HDPE,HD HM,FB1399,BOROUGE,,No,,,
HDPE,HD HM,FB1520,BOROUGE,,No,,,
HDPE,HD HM,SF5007,CHANDRA,HDPE HM SF5007 - CHANDRA,Yes,138.39,,
HDPE,HD HM,UF5205H,CHANDRA,HDPE HM UF5205H - CHANDRA,Yes,136.75,,
HDPE,HD HM,EGDA-6888,EQUATE,HDPE HM EGDA-6888 - EQUATE,Yes,141.20,,
HDPE,HD HM,HF09522,EVALENE,,No,,,
HDPE,HD HM,5290HL,EXXON,,No,,,
HDPE,HD HM,5290HLFL,EXXON,,No,,,
HDPE,HD HM,7960.13,EXXON,,No,,,
HDPE,HD HM,HD-5207,EXXON,,No,,,
HDPE,HD HM,HD5201,EXXON,,No,,,
HDPE,HD HM,HD6207FL,EXXON,HDPE HM HD6207FL - EXXON,Yes,166.75,,
HDPE,HD HM,HTA001HD5,EXXON,HDPE HM HTA001HD5 - EXXON,Yes,154.75,,
HDPE,HD HM,HTA001HP5,EXXON,,No,,,
HDPE,HD HM,HTA108,EXXON,,No,,,
HDPE,HD HM,9001,FORMOSA,HDPE FILM 9001 - FORMOSA,Yes,139.75,,
HDPE,HD HM,E924,FORMOSA,,No,,,
HDPE,HD HM,F55HM0003,GAIL,HDPE HM F55HM0003 - GAIL,Yes,141.92,,
HDPE,HD HM,F55HM0003-NONPRIME,GAIL,,No,,,
HDPE,HD HM,HD7000F-INNO,GC,HDPE HM HD7000F-INNO - GC,Yes,139.18,,
HDPE,HD HM,F5001,HALDIA,,No,,,
HDPE,HD HM,F5400,HALDIA,HDPE HM F5400 - HALDIA,Yes,140.92,148.53,Ex-Depot
HDPE,HD HM,F5400Z-NONPRIME,HALDIA,,No,,,
HDPE,HD HM,HD T6,HALDIA,,No,,,
HDPE,HD HM,F0050D,HMEL,HDPE HM F0050D - HMEL,Yes,138.70,,
HDPE,HD HM,F0050N-NONPRIME,HMEL,,No,,,
HDPE,HD HM,OGH-OFFGRADE,HMEL,,No,,,
HDPE,HD HM,OGHDED-OFFGRADE,HMEL,,No,,,
HDPE,HD HM,7000F-ILPC,ILAM,,No,,,
HDPE,HD HM,002DF50,IOCL,HDPE HM 002DF50 - IOCL,Yes,139.94,165.76,Ex-Works
HDPE,HD HM,003DF49,IOCL,,No,,,
HDPE,HD HM,HM9450F,JPC,,No,,,
HDPE,HD HM,Q-TR144,LOTRENE,HDPE HM Q-TR144 - LOTRENE,Yes,146.39,,
HDPE,HD HM,FL7000,LOTTE,,No,,,
HDPE,HD HM,FU5100,LOTTE,,No,,,
HDPE,HD HM,6097-NONPRIME,LUBAN,,No,,,
HDPE,HD HM,DGDZ-6095,LUBAN,,No,,,
HDPE,HD HM,DGDZ-6095-NONPRIME,LUBAN,,No,,,
HDPE,HD HM,DGDZ-6097,LUBAN,,No,,,
HDPE,HD HM,F4811,LUBAN,HDPE HM F4811 - LUBAN,Yes,139.89,,
HDPE,HD HM,F5211,LUBAN,HDPE HM F5211 - LUBAN,Yes,147.70,,
HDPE,HD HM,HD-H-15-OFFGRADE,LUBAN,,No,,,
HDPE,HD HM,HD-L-15-OFFGRADE,LUBAN,,No,,,
HDPE,HD HM,EH120,M.HOLLAND,,No,,,
HDPE,HD HM,TRB115,MARLEX,,No,,,
HDPE,HD HM,HDF504,MARPOL,,No,,,
HDPE,HD HM,F50H08,OPAL,,No,,,
HDPE,HD HM,F52H04,OPAL,HDPE HM F52H04 - OPAL,Yes,140.18,164.86,Ex-Depot
HDPE,HD HM,F52H04-NONPRIME,OPAL,HDPE HM F52H04-NONPRIME - OPAL,Yes,139.92,,
HDPE,HD HM,9254F,PETRONAS,,No,,,
HDPE,HD HM,AMT9255F,PETRONAS,,No,,,
HDPE,HD HM,HD5207,PREFCHEM,,No,,,
HDPE,HD HM,F1,QAMAR,,No,,,
HDPE,HD HM,50GF003,RIL,,No,,,
HDPE,HD HM,52GF004,RIL,,No,,,
HDPE,HD HM,F4600,RIL,,No,,,
HDPE,HD HM,F46003,RIL,,No,,,
HDPE,HD HM,F56003,RIL,,No,,,
HDPE,HD HM,F00851,SABIC,,No,,,
HDPE,HD HM,F00952,SABIC,,No,,,
HDPE,HD HM,FI0750,SABIC,,No,,,
HDPE,HD HM,FI0851P,SABIC,HDPE HM FI0851P - SABIC,Yes,138.10,,
HDPE,HD HM,FJ00952,SABIC,HDPE HM FJ00952 - SABIC,Yes,139.75,,
HDPE,HD HM,M9255F,SAFRIPOL,,No,,,
HDPE,HD HM,M9255F-NONPRIME,SAFRIPOL,,No,,,
HDPE,HD HM,HD5208FLX,SASOL,,No,,,
HDPE,HD HM,HFI5110,SASOL,,No,,,
HDPE,HD HM,H5604F,SCG,HDPE HM H5604F - SCG,Yes,136.95,,
HDPE,HD HM,S199F,SCG,,No,,,
HDPE,HD HM,S199F-NONPRIME,SCG,,No,,,
HDPE,HD HM,HD10500-FE,SIBUR,,No,,,
HDPE,HD HM,HD20000F-OFFGRADE,SONALENE,,No,,,
HDPE,HD HM,FS7000,STL,HDPE HM FS7000 - STL,Yes,138.45,,
HDPE,HD HM,F0554,SUMITOMO,,No,,,
HDPE,HD HM,F0455,TASNEE,,No,,,
HDPE,HD HM,HF0961,TITAN,,No,,,
HDPE,HD HM,HF1881,TITAN,,No,,,
HDPE,HD HM,HF7000,TITAN,,No,,,
HDPE,HD MOULD < 10MI,4261AG,BASELL,,No,,,
HDPE,HD MOULD < 10MI,GC7260,BASELL,,No,,,
HDPE,HD MOULD < 10MI,M8008,BASELL,,No,,,
HDPE,HD MOULD < 10MI,BG-HD62N07(UV),BPC,,No,,,
HDPE,HD MOULD < 10MI,2006G,DOW,,No,,,
HDPE,HD MOULD < 10MI,KS10100,DOW,,No,,,
HDPE,HD MOULD < 10MI,KS10100UE,DOW,,No,,,
HDPE,HD MOULD < 10MI,KT10000UE,DOW,,No,,,
HDPE,HD MOULD < 10MI,XZ89609,DOW,,No,,,
HDPE,HD MOULD < 10MI,HD4070.UV,EXXON,,No,,,
HDPE,HD MOULD < 10MI,HD4850,EXXON,,No,,,
HDPE,HD MOULD < 10MI,HD4850.UV,EXXON,,No,,,
HDPE,HD MOULD < 10MI,HD5245.18,EXXON,,No,,,
HDPE,HD MOULD < 10MI,HMA025,EXXON,,No,,,
HDPE,HD MOULD < 10MI,I60A080-OFFGRADE,GAIL,,No,,,
HDPE,HD MOULD < 10MI,I60A080A,GAIL,HDPE MOULD I60A080A - GAIL,Yes,138.39,,
HDPE,HD MOULD < 10MI,I60A080UA,GAIL,HDPE MOULD I60A080UA - GAIL,Yes,138.39,,
HDPE,HD MOULD < 10MI,I62U080U,GAIL,,No,,,
HDPE,HD MOULD < 10MI,M5005L,HALDIA,HDPE MOULD M5005L - HALDIA,Yes,148.70,145.66,Ex-Depot
HDPE,HD MOULD < 10MI,M6007L,HALDIA,,No,,,
HDPE,HD MOULD < 10MI,M6007LU,HALDIA,,No,,,
HDPE,HD MOULD < 10MI,M0662D,HMEL,,No,,,
HDPE,HD MOULD < 10MI,M0662DU,HMEL,,No,,,
HDPE,HD MOULD < 10MI,M0861S,HMEL,,No,,,
HDPE,HD MOULD < 10MI,M0861SU,HMEL,,No,,,
HDPE,HD MOULD < 10MI,N0662D-NONPRIME,HMEL,,No,,,
HDPE,HD MOULD < 10MI,HD5740UA,INEOS,,No,,,
HDPE,HD MOULD < 10MI,T60-475-119,INEOS,,No,,,
HDPE,HD MOULD < 10MI,080M55,IOCL,,No,,,
HDPE,HD MOULD < 10MI,080M60,IOCL,HDPE MOULD 080M60 - IOCL,Yes,144.29,160.30,Ex-Works
HDPE,HD MOULD < 10MI,080M60-NONPRIME,IOCL,,No,,,
HDPE,HD MOULD < 10MI,080M60-OFFGRADE-XMHD,IOCL,,No,,,
HDPE,HD MOULD < 10MI,080M60U,IOCL,,No,,,
HDPE,HD MOULD < 10MI,SM800,LG,,No,,,
HDPE,HD MOULD < 10MI,DMDA-8007,LUBAN,,No,,,
HDPE,HD MOULD < 10MI,HD-M6408,LUBAN,,No,,,
HDPE,HD MOULD < 10MI,HD-M6408-UV,LUBAN,,No,,,
HDPE,HD MOULD < 10MI,HD360,M.HOLLAND,,No,,,
HDPE,HD MOULD < 10MI,HMN6060,MARLEX,,No,,,
HDPE,HD MOULD < 10MI,HDM508,MARPOL,,No,,,
HDPE,HD MOULD < 10MI,HDM508-UV,MARPOL,,No,,,
HDPE,HD MOULD < 10MI,HD8060UV,MERONA(USA),HDPE MOULD HD8060UV - MERONA(USA),Yes,138.20,,
HDPE,HD MOULD < 10MI,M6008,OPAL,,No,,,
HDPE,HD MOULD < 10MI,M6008-NONPRIME,OPAL,,No,,,
HDPE,HD MOULD < 10MI,M6008U,OPAL,,No,,,
HDPE,HD MOULD < 10MI,M6405,OPAL,,No,,,
HDPE,HD MOULD < 10MI,2200J,PCC,,No,,,
HDPE,HD MOULD < 10MI,HD8007,PLASLENE,,No,,,
HDPE,HD MOULD < 10MI,XL400,REVOLVE,,No,,,
HDPE,HD MOULD < 10MI,L60075,RIL,,No,,,
HDPE,HD MOULD < 10MI,M60075,RIL,HDPE MOULD M60075 - RIL,Yes,143.28,160.90,Ex-Depot
HDPE,HD MOULD < 10MI,N60075-NONPRIME,RIL,,No,,,
HDPE,HD MOULD < 10MI,M80064,SABIC,,No,,,
HDPE,HD MOULD < 10MI,65N8U,SHELL,,No,,,
HDPE,HD MOULD < 10MI,CSD-2353,TASNEE,,No,,,
HDPE,HD MOULD < 10MI,IM8060,TASNEE,,No,,,
HDPE,HD MOULD < 10MI,H100-OFFGRADE,TOSOH,,No,,,
HDPE,HD MOULD < 10MI,S-RW-OFFGRADE,TOSOH,,No,,,
HDPE,HD MOULD < 10MI,HDI6954,TRICON,,No,,,
HDPE,HD MOULD < 10MI,HDI88X2,TRICON,,No,,,
HDPE,HD MOULD < 10MI,HDI88X2-NONPRIME,TRICON,,No,,,
HDPE,HD MOULD < 10MI,HDI8965,TRICON,,No,,,
HDPE,HD MOULD > 10MI,4261A,BASELL,,No,,,
HDPE,HD MOULD > 10MI,GA7760,BASELL,,No,,,
HDPE,HD MOULD > 10MI,52B18(UV),BPC,,No,,,
HDPE,HD MOULD > 10MI,17450N,DOW,,No,,,
HDPE,HD MOULD > 10MI,DMDA-8920-NT7,DOW,,No,,,
HDPE,HD MOULD > 10MI,EMDA-8920,EQUATE,,No,,,
HDPE,HD MOULD > 10MI,HD52140,EXXON,,No,,,
HDPE,HD MOULD > 10MI,HD52190,EXXON,,No,,,
HDPE,HD MOULD > 10MI,I50A180A,GAIL,HDPE MOULD I50A180A - GAIL,Yes,133.18,,
HDPE,HD MOULD > 10MI,I50A180A-OFFGRADE,GAIL,HDPE MOULD I50A180A-OFFGRADE - GAIL,Yes,133.81,,
HDPE,HD MOULD > 10MI,I50A250A,GAIL,,No,,,
HDPE,HD MOULD > 10MI,I56A200U-OFFGRADE,GAIL,HDPE MOULD I56A200U-OFFGRADE - GAIL,Yes,133.81,,
HDPE,HD MOULD > 10MI,I56A200UA,GAIL,HDPE MOULD I56A200UA - GAIL,Yes,138.81,,
HDPE,HD MOULD > 10MI,I56A200UB-NONPRIME,GAIL,,No,,,
HDPE,HD MOULD > 10MI,M5018L,HALDIA,HDPE MOULD M5018L - HALDIA,Yes,133.92,,
HDPE,HD MOULD > 10MI,M5025L,HALDIA,,No,,,
HDPE,HD MOULD > 10MI,M5818,HALDIA,,No,,,
HDPE,HD MOULD > 10MI,HDMS-OFFGRADE,HMEL,,No,,,
HDPE,HD MOULD > 10MI,M2050S,HMEL,,No,,,
HDPE,HD MOULD > 10MI,M50200,HPCL,HDPE MOULD M50200 - HPCL,Yes,138.65,,
HDPE,HD MOULD > 10MI,180M50,IOCL,,No,,,
HDPE,HD MOULD > 10MI,180M50-NONPRIME,IOCL,,No,,,
HDPE,HD MOULD > 10MI,52518,JPC,,No,,,
HDPE,HD MOULD > 10MI,SE5311M,LG,,No,,,
HDPE,HD MOULD > 10MI,HI1600,LOTTE,,No,,,
HDPE,HD MOULD > 10MI,M5050,OPAL,,No,,,
HDPE,HD MOULD > 10MI,M5220,OPAL,,No,,,
HDPE,HD MOULD > 10MI,M5618,OPAL,,No,,,
HDPE,HD MOULD > 10MI,M6112,OPAL,,No,,,
HDPE,HD MOULD > 10MI,OG,PLAIN-BAGS,,No,,,
HDPE,HD MOULD > 10MI,50MA180,RIL,HDPE MOULD 50MA180 - RIL,Yes,142.75,,
HDPE,HD MOULD > 10MI,M60200,RIL,,No,,,
HDPE,HD MOULD > 10MI,UMNC-50MA180-OFFGRADE,RIL,HDPE MOULD UMNC-50MA180-OFFGRADE - RIL,Yes,132.28,,
HDPE,HD MOULD > 10MI,M200050,SABIC,,No,,,
HDPE,HD MOULD > 10MI,M200056,SABIC,,No,,,
HDPE,HD MOULD > 10MI,HDI17951,TRICON,,No,,,
HDPE,HD MOULD > 10MI,HDI20952,TRICON,,No,,,
HDPE,HD MOULD > 10MI,RADCO-OFFGRADE,USA,,No,,,
HDPE,HD MOULD > 10MI,LH5590,USI,,No,,,
HDPE,HD RAFFIA,EM2274X01-OFFGRADE,BASELL,,No,,,
HDPE,HD RAFFIA,GF7750M2,BASELL,,No,,,
HDPE,HD RAFFIA,MB5568-NONPRIME,BOROUGE,,No,,,
HDPE,HD RAFFIA,MB6501,BOROUGE,,No,,,
HDPE,HD RAFFIA,MB6501-NONPRIME,BOROUGE,HDPE RAFFIA MB6501-NONPRIME - BOROUGE,Yes,136.39,,
HDPE,HD RAFFIA,MB6501-OFFGRADE,BOROUGE,,No,,,
HDPE,HD RAFFIA,MB6502-NONPRIME,BOROUGE,HDPE RAFFIA MB6502-NONPRIME - BOROUGE,Yes,136.39,,
HDPE,HD RAFFIA,MB6502-OFFGRADE,BOROUGE,,No,,,
HDPE,HD RAFFIA,MB6502X-OFFGRADE-PLAINGRADE,BOROUGE,,No,,,
HDPE,HD RAFFIA,SM5508,CHANDRA,,No,,,
HDPE,HD RAFFIA,7750Z,CHINA,HDPE RAFFIA 7750Z - CHINA,Yes,137.81,,
HDPE,HD RAFFIA,DGDA-6094,CHINA,HDPE RAFFIA DGDA-6094 - CHINA,Yes,139.45,,
HDPE,HD RAFFIA,8010,FORMOSA,HDPE RAFFIA 8010 - FORMOSA,Yes,139.45,,
HDPE,HD RAFFIA,8012,FORMOSA,,No,,,
HDPE,HD RAFFIA,T50A009A,GAIL,,No,,,
HDPE,HD RAFFIA,T50A010,GAIL,,No,,,
HDPE,HD RAFFIA,T50A010-OFFGRADE,GAIL,,No,,,
HDPE,HD RAFFIA,T50A010A,GAIL,,No,,,
HDPE,HD RAFFIA,T50A010B-NONPRIME,GAIL,,No,,,
HDPE,HD RAFFIA,W50A009,GAIL,HDPE RAFFIA W50A009 - GAIL,Yes,140.73,,
HDPE,HD RAFFIA,W50A009A-OFFGRADE,GAIL,,No,,,
HDPE,HD RAFFIA,W52A009,GAIL,,No,,,
HDPE,HD RAFFIA,W52A009N,GAIL,,No,,,
HDPE,HD RAFFIA,W52ASR009,GAIL,,No,,,
HDPE,HD RAFFIA,W52ASR009N,GAIL,,No,,,
HDPE,HD RAFFIA,W55A004,GAIL,,No,,,
HDPE,HD RAFFIA,W55A004N,GAIL,,No,,,
HDPE,HD RAFFIA,Y50A010-OFFGRADE,GAIL,,No,,,
HDPE,HD RAFFIA,Y50A010U,GAIL,HDPE RAFFIA Y50A010U - GAIL,Yes,137.92,,
HDPE,HD RAFFIA,HD5000S,GC,,No,,,
HDPE,HD RAFFIA,HD5800S,GC,,No,,,
HDPE,HD RAFFIA,HDT10,HALDIA,,No,,,
HDPE,HD RAFFIA,HDT10S,HALDIA,HDPE RAFFIA HDT10S - HALDIA,Yes,142.23,,
HDPE,HD RAFFIA,R5801,HALDIA,,No,,,
HDPE,HD RAFFIA,T9,HALDIA,HDPE RAFFIA T9 - HALDIA,Yes,138.23,,
HDPE,HD RAFFIA,T9-OFFGRADE-HDT9C,HALDIA,HDPE RAFFIA T9-OFFGRADE-HDT9C - HALDIA,Yes,143.31,,
HDPE,HD RAFFIA,T9-POWDER,HALDIA,HDPE RAFFIA T9-POWDER - HALDIA,Yes,135.56,,
HDPE,HD RAFFIA,Y5401,HALDIA,,No,,,
HDPE,HD RAFFIA,R0150S,HMEL,,No,,,
HDPE,HD RAFFIA,R0151D,HMEL,,No,,,
HDPE,HD RAFFIA,Y0154S,HMEL,HDPE RAFFIA Y0154S - HMEL,Yes,137.60,,
HDPE,HD RAFFIA,R50010,HPCL,,No,,,
HDPE,HD RAFFIA,010E52,IOCL,,No,,,
HDPE,HD RAFFIA,012E50,IOCL,HDPE RAFFIA 012E50 - IOCL,Yes,140.44,167.47,Ex-Works
HDPE,HD RAFFIA,012E50-NONPRIME,IOCL,,No,,,
HDPE,HD RAFFIA,HD5000S-IRAN,JPC,,No,,,
HDPE,HD RAFFIA,SP380,LG,,No,,,
HDPE,HD RAFFIA,R5106,OPAL,,No,,,
HDPE,HD RAFFIA,R5410,OPAL,HDPE RAFFIA R5410 - OPAL,Yes,137.81,168.53,Ex-Depot
HDPE,HD RAFFIA,R5504,OPAL,,No,,,
HDPE,HD RAFFIA,S5801,OPAL,,No,,,
HDPE,HD RAFFIA,UHDE-OFFGRADE,OPAL,,No,,,
HDPE,HD RAFFIA,Y5008,OPAL,,No,,,
HDPE,HD RAFFIA,Y5710,OPAL,HDPE RAFFIA Y5710 - OPAL,Yes,143.67,168.67,Ex-Depot
HDPE,HD RAFFIA,Y5710-NONPRIME,OPAL,,No,,,
HDPE,HD RAFFIA,Y5808,OPAL,,No,,,
HDPE,HD RAFFIA,HDPE-OFFGRADE,PLASCO,,No,,,
HDPE,HD RAFFIA,M5206,REPSOL,,No,,,
HDPE,HD RAFFIA,53EA010,RIL,HDPE RAFFIA 53EA010 - RIL,Yes,142.14,,
HDPE,HD RAFFIA,E52007,RIL,,No,,,
HDPE,HD RAFFIA,E52009,RIL,HDPE RAFFIA E52009 - RIL,Yes,154.39,169.51,Ex-Depot
HDPE,HD RAFFIA,EE20,RIL,HDPE RAFFIA EE20 - RIL,Yes,141.39,167.81,Ex-Depot
HDPE,HD RAFFIA,HD53TA010,RIL,,No,,,
HDPE,HD RAFFIA,HD55EF010,RIL,HDPE RAFFIA HD55EF010 - RIL,Yes,148.39,,
HDPE,HD RAFFIA,UE-E52009-OFFGRADE,RIL,HDPE RAFFIA UE-E52009-OFFGRADE - RIL,Yes,133.75,,
HDPE,HD RAFFIA,M5301-NONPRIME,SABIC,,No,,,
HDPE,HD RAFFIA,M5603-NONPRIME,SABIC,,No,,,
HDPE,HD RAFFIA,MIX-OFFGRADE,TASNEE,,No,,,
HDPE,HD RAFFIA,NOG-OFFGRADE,TASNEE,,No,,,
HDPE,HD RAFFIA,5609AA,TITAN,,No,,,
HDPE,HD RAFFIA,HM5000,TITAN,,No,,,
HDPE,HD_CABLE,HE-6133,BOROUGE,,No,,,
HDPE,HD_CABLE,3364NT,DOW,,No,,,
HDPE,HD_CABLE,CHNA-8380,HANWHA,,No,,,
HDPE,HD_CABLE,S42005,RIL,HDPE CABLE S42005 - RIL,Yes,135.93,162.85,Ex-Depot
HDPE,HD_CABLE,C0549-OFFGRADE,SABIC,,No,,,
HDPE,HD_CLOSURES,ACP5331H,BASELL,,No,,,
HDPE,HD_CLOSURES,ACP6541A,BASELL,,No,,,
HDPE,HD_CLOSURES,GX5038,BASELL,,No,,,
HDPE,HD_CLOSURES,MB5568,BOROUGE,,No,,,
HDPE,HD_CLOSURES,MB5569,BOROUGE,,No,,,
HDPE,HD_CLOSURES,MB6502,BOROUGE,,No,,,
HDPE,HD_CLOSURES,MB6561,BOROUGE,,No,,,
HDPE,HD_CLOSURES,MB6562,BOROUGE,HDPE MOULD MB6562 - BOROUGE,Yes,168.86,,
HDPE,HD_CLOSURES,MB7581,BOROUGE,,No,,,
HDPE,HD_CLOSURES,CC027C,DOW,,No,,,
HDPE,HD_CLOSURES,HD3200C,GC,,No,,,
HDPE,HD_CLOSURES,HD3500C,GC,,No,,,
HDPE,HD_CLOSURES,M5002L,HALDIA,,No,,,
HDPE,HD_CLOSURES,M5601S,HALDIA,,No,,,
HDPE,HD_CLOSURES,M0252S,HMEL,,No,,,
HDPE,HD_CLOSURES,M0255D,HMEL,HDPE MOULD M0255D - HMEL,Yes,144.67,,
HDPE,HD_CLOSURES,CAP602S2,INEOS,,No,,,
HDPE,HD_CLOSURES,020M52,IOCL,,No,,,
HDPE,HD_CLOSURES,ME1000,LG,,No,,,
HDPE,HD_CLOSURES,ME1000S2,LG,,No,,,
HDPE,HD_CLOSURES,M5203,OPAL,,No,,,
HDPE,HD_CLOSURES,M5306,OPAL,,No,,,
HDPE,HD_CLOSURES,M5306L,OPAL,,No,,,
HDPE,HD_CLOSURES,HD5511,PREFCHEM,,No,,,
HDPE,HD_CLOSURES,53MA020,RIL,,No,,,
HDPE,HD_CLOSURES,54GC016,RIL,HDPE MOULD 54GC016 - RIL,Yes,143.65,166.35,Ex-Depot
HDPE,HD_CLOSURES,CC027SL,SABIC,,No,,,
HDPE,HD_CLOSURES,IM2050,TASNEE,,No,,,
HDPE,HD_PIPE,HE-3447C,BOROUGE,,No,,,
HDPE,HDPE DUCTS,E52U003,GAIL,,No,,,
HDPE,HDPE DUCTS,E52U003N,GAIL,,No,,,
HDPE,MBM,rB040EAN,Source re,,No,,,
HDPE,MBM,rB040EAU,Source re,,No,,,
HDPE,MBM / LBM,5431Z,BASELL,,No,,,
HDPE,MBM / LBM,HY54907U,BASELL,,No,,,
HDPE,MBM / LBM,DHB0014,BRASKEM,,No,,,
HDPE,MBM / LBM,UB5206H,CHANDRA,,No,,,
HDPE,MBM / LBM,4570UV,DAELIM,,No,,,
HDPE,MBM / LBM,TR580,DAELIM POLY,,No,,,
HDPE,MBM / LBM,EMDA-6147,EQUATE,,No,,,
HDPE,MBM / LBM,EM-4810-AAH,ETHYDCO,,No,,,
HDPE,MBM / LBM,HD4120.UV,EXXON,,No,,,
HDPE,MBM / LBM,HD4413.UV,EXXON,,No,,,
HDPE,MBM / LBM,HD4663HL.UV,EXXON,,No,,,
HDPE,MBM / LBM,7001,FORMOSA,,No,,,
HDPE,MBM / LBM,7501,FORMOSA,HDPE LBM 7501 - FORMOSA,Yes,142.75,,
HDPE,MBM / LBM,B55HM0003,GAIL,,No,,,
HDPE,MBM / LBM,B55HM0003-NONPRIME,GAIL,,No,,,
HDPE,MBM / LBM,B55HM0003N,GAIL,,No,,,
HDPE,MBM / LBM,7808B,GC,,No,,,
HDPE,MBM / LBM,HD6200B,GC,,No,,,
HDPE,MBM / LBM,HD6600B,GC,,No,,,
HDPE,MBM / LBM,HD7200B,GC,,No,,,
HDPE,MBM / LBM,HD7800B,GC,,No,,,
HDPE,MBM / LBM,HD9100B,GC,,No,,,
HDPE,MBM / LBM,B5500,HALDIA,HDPE MBM B5500 - HALDIA,Yes,142.68,146.49,Ex-Depot
HDPE,MBM / LBM,B5500Z-NONPRIME,HALDIA,,No,,,
HDPE,MBM / LBM,B0053D,HMEL,HDPE LBM B0053D - HMEL,Yes,145.68,,
HDPE,MBM / LBM,B0148D,HMEL,HDPE MBM B0148D - HMEL,Yes,138.33,,
HDPE,MBM / LBM,N0053D-NONPRIME,HMEL,,No,,,
HDPE,MBM / LBM,N0148D-NONPRIME,HMEL,,No,,,
HDPE,MBM / LBM,HM4560UA,INEOS,,No,,,
HDPE,MBM / LBM,001DB52,IOCL,,No,,,
HDPE,MBM / LBM,002DB52,IOCL,HDPE LBM 002DB52 - IOCL,Yes,142.68,166.61,Ex-Works
HDPE,MBM / LBM,003DB52,IOCL,HDPE MBM 003DB52 - IOCL,Yes,144.15,166.19,Ex-Works
HDPE,MBM / LBM,Q-TR571,LOTRENE,HDPE LBM Q-TR571 - LOTRENE,Yes,155.75,,
HDPE,MBM / LBM,Q50100,LOTRENE,,No,,,
HDPE,MBM / LBM,BU7100,LOTTE,,No,,,
HDPE,MBM / LBM,B4809(6147),LUBAN,HDPE MBM B4809(6147) - LUBAN,Yes,143.18,,
HDPE,MBM / LBM,DMDZ-6147,LUBAN,,No,,,
HDPE,MBM / LBM,DMDZ-6147-NONPRIME,LUBAN,,No,,,
HDPE,MBM / LBM,C513UV,MARLEX,,No,,,
HDPE,MBM / LBM,HXM50100,MARLEX,HDPE MBM HXM50100 - MARLEX,Yes,148.50,,
HDPE,MBM / LBM,HXM50100P,MARLEX,HDPE MBM HXM50100P - MARLEX,Yes,145.75,,
HDPE,MBM / LBM,B52H06,OPAL,,No,,,
HDPE,MBM / LBM,B55H02,OPAL,HDPE MBM B55H02 - OPAL,Yes,137.18,165.82,Ex-Depot
HDPE,MBM / LBM,B55H03,OPAL,HDPE MBM B55H03 - OPAL,Yes,143.70,165.35,Ex-Depot
HDPE,MBM / LBM,HD5403,PREFCHEM,,No,,,
HDPE,MBM / LBM,HD5403-NONPRIME,PREFCHEM,,No,,,
HDPE,MBM / LBM,6303U,REVOLVE,,No,,,
HDPE,MBM / LBM,52GB001,RIL,,No,,,
HDPE,MBM / LBM,52GB002,RIL,HDPE LBM 52GB002 - RIL,Yes,145.39,167.35,Ex-Depot
HDPE,MBM / LBM,52GB003,RIL,HDPE MBM 52GB003 - RIL,Yes,144.31,166.95,Ex-Depot
HDPE,MBM / LBM,B5010,RIL,,No,,,
HDPE,MBM / LBM,B1054,SABIC,,No,,,
HDPE,MBM / LBM,B5308,SABIC,,No,,,
HDPE,MBM / LBM,B5411,SABIC,,No,,,
HDPE,MBM / LBM,BM1052,SABIC,,No,,,
HDPE,MBM / LBM,BM1052J,SABIC,,No,,,
HDPE,MBM / LBM,5510,SASOL,,No,,,
HDPE,MBM / LBM,HB0972,TITAN,,No,,,
HDPE,MBM / LBM,55060,TOTAL,,No,,,
HDPE,MBM / LBM,HDB50100,TRICON,,No,,,
HDPE,PE100,SP4808,ASRENE,HDPE PE100 SP4808 - ASRENE,Yes,138.75,,
HDPE,PE100,HD-23050,BAOFENG,HDPE PE100 HD-23050 - BAOFENG,Yes,134.25,,
HDPE,PE100,23050,BASELL,,No,,,
HDPE,PE100,23050-B,BASELL,,No,,,
HDPE,PE100,L4904,BASELL,,No,,,
HDPE,PE100,FB1359,BOROUGE,HDPE PE100 FB1359 - BOROUGE,Yes,133.68,,
HDPE,PE100,HE2630-NONPRIME,BOROUGE,,No,,,
HDPE,PE100,HE3363,BOROUGE,,No,,,
HDPE,PE100,HE3363-NONPRIME,BOROUGE,,No,,,
HDPE,PE100,HE3364-RT,BOROUGE,,No,,,
HDPE,PE100,HE3461-BLACK-NONPRESSURE,BOROUGE,,No,,,
HDPE,PE100,STL-23050,CHINA,,No,,,
HDPE,PE100,ZPC-23050,CHINA,HDPE PE100 ZPC-23050 - CHINA,Yes,134.15,,
HDPE,PE100,2490-NT,DOW,,No,,,
HDPE,PE100,HD4966HL,EXXON,,No,,,
HDPE,PE100,8001,FORMOSA,,No,,,
HDPE,PE100,P52A003,GAIL,HDPE PE100 P52A003 - GAIL,Yes,135.92,,
HDPE,PE100,8100M,GC,,No,,,
HDPE,PE100,TRB432,GSCALTEX,,No,,,
HDPE,PE100,P5300,HALDIA,HDPE PE100 P5300 - HALDIA,Yes,135.92,139.79,Ex-Depot
HDPE,PE100,HDED-OFFGRADE,HMEL,,No,,,
HDPE,PE100,N0049D-NONPRIME,HMEL,,No,,,
HDPE,PE100,P0049D,HMEL,HDPE PE100 P0049D - HMEL,Yes,131.18,,
HDPE,PE100,7700M,ILPC,,No,,,
HDPE,PE100,HD8100M,INNOPLUS,,No,,,
HDPE,PE100,002DP48,IOCL,HDPE PE100 002DP48 - IOCL,Yes,136.27,161.57,Ex-Works
HDPE,PE100,CRP100N,JPC,,No,,,
HDPE,PE100,P600,KOREA,,No,,,
HDPE,PE100,HP6100,LOTTE,,No,,,
HDPE,PE100,M7100,LOTTE,,No,,,
HDPE,PE100,P50H03,OPAL,HDPE PE100 P50H03 - OPAL,Yes,135.27,163.66,Ex-Depot
HDPE,PE100,P50H03-NONPRIME,OPAL,,No,,,
HDPE,PE100,HD5902B-BLACK,PREFCHEM,,No,,,
HDPE,PE100,HD5902B-BLACK-NONPRIME,PREFCHEM,,No,,,
HDPE,PE100,46GP003,RIL,HDPE PE100 46GP003 - RIL,Yes,136.75,162.71,Ex-Depot
HDPE,PE100,46GP009UV,RIL,,No,,,
HDPE,PE100,D16501,RIL,,No,,,
HDPE,PE100,E41003,RIL,,No,,,
HDPE,PE100,P15807,RIL,,No,,,
HDPE,PE100,2NAP06-OFFGRADE,SABIC,,No,,,
HDPE,PE100,P4808N-NONPRESSURE,SABIC,,No,,,
HDPE,PE100,P4808NA-NONPRESSURE,SABIC,,No,,,
HDPE,PE100,P4909NA-NONPRESSURE,SABIC,,No,,,
HDPE,PE100,P5305N-NONPRESSURE,SABIC,,No,,,
HDPE,PE100,P5307N-NONPRESSURE,SABIC,,No,,,
HDPE,PE100,P6006N,SABIC,,No,,,
HDPE,PE100,P6006NA,SABIC,HDPE PE100 P6006NA - SABIC,Yes,133.45,,
HDPE,PE100,P952,SABIC,,No,,,
HDPE,PE100,PE-HD03490-NP,SIBUR,,No,,,
HDPE,PE100,QZP-10N,SINOCHEM,,No,,,
HDPE,PE100,PN049,SINOPEC,,No,,,
HDPE,PE100,YGH041T-BLACK,SINOPEC,,No,,,
HDPE,PE100,6100,SK-GLOBAL,,No,,,
HDPE,PE100,XS10-BLACK,TOTAL,,No,,,
HDPE,PE100,XS10N,TOTAL,,No,,,
HDPE,PE100 BLACK,CRP100B-Black,AKPC,,No,,,
HDPE,PE100 BLACK,EX6-BLACK,AKPC,,No,,,
HDPE,PE100 BLACK,EX6-BLACKNONPRIME,AKPC,,No,,,
HDPE,PE100 BLACK,CRP100-BLACK,BASELL,,No,,,
HDPE,PE100 BLACK,CRP100-ORANGE,BASELL,,No,,,
HDPE,PE100 BLACK,HE3430X-BLACK-OFFGRADE-PLAINBAGS,BOROUGE,,No,,,
HDPE,PE100 BLACK,HE3460--BLACK,BOROUGE,,No,,,
HDPE,PE100 BLACK,HE3488-LSW-BLACK,BOROUGE,,No,,,
HDPE,PE100 BLACK,HE3490LS-BLACK,BOROUGE,HDPE PE100 HE3490LS-BLACK - BOROUGE,Yes,141.70,,
HDPE,PE100 BLACK,HE3490LSH-(PLAINBAG)-OG-BLACK,BOROUGE,,No,,,
HDPE,PE100 BLACK,HE3490LSH-BLACK,BOROUGE,,No,,,
HDPE,PE100 BLACK,HE3490LSH-NONPRIME,BOROUGE,,No,,,
HDPE,PE100 BLACK,HE3490LSX-NONPRIME,BOROUGE,HDPE PE100 HE3490LSX-NONPRIME - BOROUGE,Yes,129.75,,
HDPE,PE100 BLACK,HE3492LSH-ORANGE,BOROUGE,,No,,,
HDPE,PE100 BLACK,HE3492LSH-ORANGE-NONPRIME,BOROUGE,,No,,,
HDPE,PE100 BLACK,HE3492LSH-ORANGE-PLAINBAGS,BOROUGE,,No,,,
HDPE,PE100 BLACK,HE3492LSHX-ORANGE,BOROUGE,,No,,,
HDPE,PE100 BLACK,2490-BK-BLACK,DOW,,No,,,
HDPE,PE100 BLACK,8001BL-BLACK,FORMOSA,,No,,,
HDPE,PE100 BLACK,HD8100MB-BLACK,GC,,No,,,
HDPE,PE100 BLACK,P901BK(BLACK),POLIMAXX,,No,,,
HDPE,PE100 BLACK,P6006(BLACK),SABIC,HDPE PE100 P6006(BLACK) - SABIC,Yes,140.97,,
HDPE,PE100 BLACK,P6006AD(BLACK),SABIC,,No,,,
HDPE,PE100 BLACK,P6006AD(BLACK)-OFFGRADE,SABIC,,No,,,
HDPE,PE100 BLACK,H1000PC-BLACK,SCG,,No,,,
HDPE,PE100 BLACK,YGH041,SINOPEC,,No,,,
HDPE,PE100 BLACK,NPP-BLACK-NONPRIME,TASNEE,,No,,,
HDPE,PE63,BLACK-OFFGRADE-PLAINBAGS,BASELL,,No,,,
HDPE,PE63,L4930TC,BASELL,,No,,,
HDPE,PE63,FB1359-NONPRIME,BOREALIS,,No,,,
HDPE,PE63,HE1490,BOROUGE,HDPE PE63 HE1490 - BOROUGE,Yes,134.45,,
HDPE,PE63,HE3364,BOROUGE,HDPE PE63 HE3364 - BOROUGE,Yes,130.75,,
HDPE,PE63,HE3364-NONPRIME,BOROUGE,,No,,,
HDPE,PE63,E52A003A,GAIL,HDPE PE63 E52A003A - GAIL,Yes,140.70,,
HDPE,PE63,E52A003NA,GAIL,HDPE PE63 E52A003NA - GAIL,Yes,138.68,,
HDPE,PE63,P46A010U,GAIL,,No,,,
HDPE,PE63,P4600L,HALDIA,,No,,,
HDPE,PE63,P5200,HALDIA,,No,,,
HDPE,PE63,P5200UV,HALDIA,,No,,,
HDPE,PE63,N0142S-NONPRIME,HMEL,,No,,,
HDPE,PE63,P0142S,HMEL,,No,,,
HDPE,PE63,P0142SU,HMEL,,No,,,
HDPE,PE63,010DP45,IOCL,,No,,,
HDPE,PE63,010DP45U,IOCL,,No,,,
HDPE,PE63,P4402,OPAL,,No,,,
HDPE,PE63,P4402U,OPAL,,No,,,
HDPE,PE63,P5002,OPAL,HDPE PE63 P5002 - OPAL,Yes,145.17,161.22,Ex-Depot
HDPE,PE63,P5002U,OPAL,,No,,,
HDPE,PE63,P5402,OPAL,,No,,,
HDPE,PE63,46GP009,RIL,HDPE PE63 46GP009 - RIL,Yes,139.25,160.51,Ex-Depot
HDPE,PE63,EXPHDNC2,RIL,,No,,,
HDPE,PE63,EXPHDNC3,RIL,,No,,,
HDPE,PE63,P4609,RIL,,No,,,
HDPE,PE63,NPP-BLACK,TASNEE,,No,,,
HDPE,PE80,5052B-BLACK,BASELL,,No,,,
HDPE,PE80,ME3440,BOREALIS,,No,,,
HDPE,PE80,ME3444-BLUE,BOREALIS,,No,,,
HDPE,PE80,HE1440(BLACK)-NONPRESSURE,BOROUGE,HDPE PE80 HE1440(BLACK)-NONPRESSURE - BOROUGE,Yes,137.75,,
HDPE,PE80,HE1440X(BLACK)-NONPRESSURE-OFFGRADE,BOROUGE,,No,,,
HDPE,PE80,HE2640-NONPRESSURE,BOROUGE,,No,,,
HDPE,PE80,HE3310-BLACK,BOROUGE,HDPE PE80 HE3310-BLACK - BOROUGE,Yes,137.75,,
HDPE,PE80,HE3450-BLACK,BOROUGE,,No,,,
HDPE,PE80,HE6062--BLACK,BOROUGE,,No,,,
HDPE,PE80,ME3440X-NONPRIME(BLACK),BOROUGE,,No,,,
HDPE,PE80,ME3441(BLACK),BOROUGE,,No,,,
HDPE,PE80,P54A001,GAIL,,No,,,
HDPE,PE80,P54A001N,GAIL,,No,,,
HDPE,PE80,P5100,HALDIA,HDPE PE80 P5100 - HALDIA,Yes,139.21,139.20,Ex-Depot
HDPE,PE80,P0148D,HMEL,,No,,,
HDPE,PE80,004DP44,IOCL,HDPE PE80 004DP44 - IOCL,Yes,138.75,161.17,Ex-Works
HDPE,PE80,Q3802,LOTRENE,,No,,,
HDPE,PE80,P4002,OPAL,,No,,,
HDPE,PE80,P51H10,OPAL,HDPE PE80 P51H10 - OPAL,Yes,145.17,162.44,Ex-Depot
HDPE,PE80,45GP004,RIL,,No,,,
HDPE,PE80,B5616,SABIC,,No,,,
HDPE,PE80,B5616N-NONPRIME,SABIC,,No,,,
HDPE,PE80,P5616N-NONPRESSURE,SABIC,,No,,,
HDPE,PE80,HD4985,SASOL,,No,,,
HDPE,PE80,HEX-4460,SASOL,,No,,,
HDPE,PE80,3802,TOTAL,,No,,,
HIPS,HIPS EXTRUSION,HP8250,FORMOSA,,No,,,
HIPS,HIPS EXTRUSION,HI830,POLIMAXX,,No,,,
HIPS,HIPS EXTRUSION,168N,STYRENIX,,No,,,
HIPS,HIPS EXTRUSION,3441,STYRENIX,,No,,,
HIPS,HIPS EXTRUSION,SH731E,SUPREME,HIPS EXTRUSION SH731E - SUPREME,Yes,179.18,,
HIPS,HIPS EXTRUSION,7240,TABRIZ,,No,,,
HIPS,HIPS EXTRUSION,616,TAITA,,No,,,
HIPS,HIPS EXTRUSION,3341,TOTAL,,No,,,
HIPS,HIPS MOULD,HIPS-825,ASCHEM,,No,,,
HIPS,HIPS MOULD,HP9450,FORMOSA,,No,,,
HIPS,HIPS MOULD,PS-350,GPPC,,No,,,
HIPS,HIPS MOULD,PS-350HF,GPPC,,No,,,
HIPS,HIPS MOULD,825,HAIWAN,HIPS MOULD 825 - HAIWAN,Yes,172.38,,
HIPS,HIPS MOULD,RH-825,HUIZHOU-CHINA,,No,,,
HIPS,HIPS MOULD,HT57M,IDEMITSU,,No,,,
HIPS,HIPS MOULD,NC770,IDEMITSU,,No,,,
HIPS,HIPS MOULD,4241,INEOS,,No,,,
HIPS,HIPS MOULD,495F,INEOS,HIPS MOULD 495F - INEOS,Yes,177.81,,
HIPS,HIPS MOULD,576H,INEOS,,No,,,
HIPS,HIPS MOULD,PS476L,INEOS,,No,,,
HIPS,HIPS MOULD,HPS-850,KAOFU,,No,,,
HIPS,HIPS MOULD,HI450PG,KUMHO,,No,,,
HIPS,HIPS MOULD,HP-825,LIWAN,,No,,,
HIPS,HIPS MOULD,4512,MOHEB,,No,,,
HIPS,HIPS MOULD,4125,PETROPAAK,,No,,,
HIPS,HIPS MOULD,6045,PETROPAAK,,No,,,
HIPS,HIPS MOULD,HG451,POLIMAXX,HIPS MOULD HG451 - POLIMAXX,Yes,177.18,,
HIPS,HIPS MOULD,HI650,POLIMAXX,HIPS MOULD HI650 - POLIMAXX,Yes,172.38,,
HIPS,HIPS MOULD,330,SABIC,,No,,,
HIPS,HIPS MOULD,330-NONPRIME,SABIC,HIPS MOULD 330-NONPRIME - SABIC,Yes,134.38,,
HIPS,HIPS MOULD,STL-88,STL,HIPS MOULD STL-88 - STL,Yes,172.38,,
HIPS,HIPS MOULD,4440H,STYRENIX,,No,,,
HIPS,HIPS MOULD,6351,STYRENIX,,No,,,
HIPS,HIPS MOULD,NEARPRIME(PLAINBAG),STYRENIX,,No,,,
HIPS,HIPS MOULD,PS-434,STYRENIX,,No,,,
HIPS,HIPS MOULD,PS-434NEARPRIME,STYRENIX,HIPS MOULD PS-434NEARPRIME - STYRENIX,Yes,163.81,,
HIPS,HIPS MOULD,PS-437,STYRENIX,,No,,,
HIPS,HIPS MOULD,PS441,STYRENIX,,No,,,
HIPS,HIPS MOULD,SH-2157,SUPREME,,No,,,
HIPS,HIPS MOULD,SH03,SUPREME,,No,,,
HIPS,HIPS MOULD,SH300,SUPREME,HIPS MOULD SH300 - SUPREME,Yes,173.88,,
HIPS,HIPS MOULD,SH400M,SUPREME,,No,,,
HIPS,HIPS MOULD,SH450,SUPREME,HIPS MOULD SH450 - SUPREME,Yes,172.88,,
HIPS,HIPS MOULD,3351,TOTAL,,No,,,
HIPS,HIPS_FLAKES,GHIPS010W,SOURCE.RE,,No,,,
HR-PIB,HR-PIB,2300MW,RB-PRODUCTS,,No,,,
LBM,LBM,rB020EAN,Source re,,No,,,
LBM,LBM,rB020EAU,Source re,,No,,,
LBM,LBM,RB020EAUDP,Source re,,No,,,
LDPE,LD BLOW,1810E,BASELL,,No,,,
LDPE,LD BLOW,1840H,BASELL,,No,,,
LDPE,LD BLOW,3020D,BASELL,,No,,,
LDPE,LD BLOW,3220D,BASELL,,No,,,
LDPE,LD BLOW,LE6607-PH,BOROUGE,,No,,,
LDPE,LD BLOW,91003,DOW,,No,,,
LDPE,LD BLOW,BB120,LG,,No,,,
LDPE,LD BLOW,PCG00,SABIC,,No,,,
LDPE,LD BLOW,PCG80,SABIC,,No,,,
LDPE,LD BLOW,FC20PH,VERSALIS,,No,,,
LDPE,LD GP,2227K,BASELL,LDPE SLIP 2227K - BASELL,Yes,168.95,,
LDPE,LD GP,2420F,BASELL,,No,,,
LDPE,LD GP,2421K,BASELL,,No,,,
LDPE,LD GP,2427K,BASELL,LDPE SLIP 2427K - BASELL,Yes,170.95,,
LDPE,LD GP,2427K-OFFGRADE,BASELL,,No,,,
LDPE,LD GP,FC2074Y01-OFFGRADE,BASELL,,No,,,
LDPE,LD GP,LF2240PX,BASELL,,No,,,
LDPE,LD GP,LF2240X,BASELL,,No,,,
LDPE,LD GP,FA7229,BOROUGE,,No,,,
LDPE,LD GP,FT7229,BOROUGE,,No,,,
LDPE,LD GP,FT7236,BOROUGE,,No,,,
LDPE,LD GP,LE4114,BOROUGE,,No,,,
LDPE,LD GP,LE4115,BOROUGE,,No,,,
LDPE,LD GP,LE4115-NONPRIME,BOROUGE,,No,,,
LDPE,LD GP,2427E04,BPC,,No,,,
LDPE,LD GP,ZPC-2426K,CHINA,,No,,,
LDPE,LD GP,4404G,DOW,,No,,,
LDPE,LD GP,582E,DOW,,No,,,
LDPE,LD GP,160AT,EXXON,,No,,,
LDPE,LD GP,4023.AT,EXXON,,No,,,
LDPE,LD GP,LD2426K,GC,,No,,,
LDPE,LD GP,17L430,INEOS,,No,,,
LDPE,LD GP,FD0474,LOTRENE,LDPE SLIP FD0474 - LOTRENE,Yes,176.18,,
LDPE,LD GP,LDF260GG,LOTTE,LDPE SLIP LDF260GG - LOTTE,Yes,168.90,,
LDPE,LD GP,LF512,LOTTE,LDPE SLIP LF512 - LOTTE,Yes,168.95,,
LDPE,LD GP,C150Y,PETLIN,,No,,,
LDPE,LD GP,24FA040,RIL,,No,,,
LDPE,LD GP,24FS030,RIL,,No,,,
LDPE,LD GP,24FS040-Baroda,RIL,,No,,,
LDPE,LD GP,J24FA040,RIL,,No,,,
LDPE,LD GP,J24FS040,RIL,LDPE SLIP J24FS040 - RIL,Yes,173.92,181.88,Ex-Depot
LDPE,LD GP,J24FX030,RIL,LDPE GP J24FX030 - RIL,Yes,169.18,179.88,Ex-Depot
LDPE,LD GP,UTJG,RIL,LDPE GP UTJG - RIL,Yes,164.42,178.88,Ex-Depot
LDPE,LD GP,HP4023WN,SABIC,LDPE SLIP HP4023WN - SABIC,Yes,179.75,,
LDPE,LD GP,HP4024WN,SABIC,LDPE SLIP HP4024WN - SABIC,Yes,176.67,,
LDPE,LD GP,HP4024ZN,SABIC,,No,,,
LDPE,LD GP,HP4025ZN,SABIC,,No,,,
LDPE,LD GP,2047A,SASOL,,No,,,
LDPE,LD GP,4025AS,TASNEE,,No,,,
LDPE,LD GP,4025AS,TASNEE,LDPE SLIP 4025AS - TASNEE,Yes,181.67,,
LDPE,LD GP,4025N,TASNEE,,No,,,
LDPE,LD GP,LDF260YZ,TITAN,,No,,,
LDPE,LD GP,LD0423F,VINMAR,,No,,,
LDPE,LD HEAVY,2221D,BASELL,LDPE HEAVY 2221D - BASELL,Yes,181.75,,
LDPE,LD HEAVY,2221F,BASELL,LDPE HEAVY 2221F - BASELL,Yes,175.49,,
LDPE,LD HEAVY,2420D,BASELL,,No,,,
LDPE,LD HEAVY,2421D,BASELL,,No,,,
LDPE,LD HEAVY,LF2103X,BASELL,,No,,,
LDPE,LD HEAVY,FT3260,BOROUGE,LDPE HEAVY FT3260 - BOROUGE,Yes,177.25,,
LDPE,LD HEAVY,OG-PLAINBAGS,BOROUGE,,No,,,
LDPE,LD HEAVY,2420F3,BPC,,No,,,
LDPE,LD HEAVY,EF-9125-AB,CONTIPOL,,No,,,
LDPE,LD HEAVY,132L,DOW,,No,,,
LDPE,LD HEAVY,1500,DOW,,No,,,
LDPE,LD HEAVY,150E,DOW,LDPE HEAVY 150E - DOW,Yes,179.45,,
LDPE,LD HEAVY,03322.BW1,EXXON,LDPE HEAVY 03322.BW1 - EXXON,Yes,176.18,,
LDPE,LD HEAVY,165BW1,EXXON,,No,,,
LDPE,LD HEAVY,FR2233C,FORMOSA,LDPE HEAVY FR2233C - FORMOSA,Yes,172.90,,
LDPE,LD HEAVY,LD2420D,GC,LDPE HEAVY LD2420D - GC,Yes,179.45,,
LDPE,LD HEAVY,L2100TN00,LALEH,,No,,,
LDPE,LD HEAVY,FB3003,LOTRENE,LDPE HEAVY FB3003 - LOTRENE,Yes,199.60,,
LDPE,LD HEAVY,FE3000,LOTRENE,LDPE HEAVY FE3000 - LOTRENE,Yes,179.60,,
LDPE,LD HEAVY,FE8000,LOTRENE,,No,,,
LDPE,LD HEAVY,LDF265YZ,LOTTE,LDPE HEAVY LDF265YZ - LOTTE,Yes,173.40,,
LDPE,LD HEAVY,LDF700,MARPOL,,No,,,
LDPE,LD HEAVY,LD3921,MERONA(USA),,No,,,
LDPE,LD HEAVY,G03-21T,PETKIM,,No,,,
LDPE,LD HEAVY,1003FA20,RIL,,No,,,
LDPE,LD HEAVY,22FA002-BARODA,RIL,LDPE HEAVY 22FA002-BARODA - RIL,Yes,192.39,,
LDPE,LD HEAVY,22FA002-NAGOTHANE,RIL,,No,,,
LDPE,LD HEAVY,22FA002N-NONPRIME,RIL,,No,,,
LDPE,LD HEAVY,J1007FA20,RIL,,No,,,
LDPE,LD HEAVY,J22FA002,RIL,LDPE HEAVY J22FA002 - RIL,Yes,194.75,,
LDPE,LD HEAVY,J22FA002E,RIL,LDPE HEAVY J22FA002E - RIL,Yes,181.92,187.75,Ex-Depot
LDPE,LD HEAVY,UTBC-OFFGRADE,RIL,LDPE HEAVY UTBC-OFFGRADE - RIL,Yes,169.39,,
LDPE,LD HEAVY,2100N0W,SABIC,,No,,,
LDPE,LD HEAVY,HP0321NN,SABIC,,No,,,
LDPE,LD HEAVY,HP0322-NN,SABIC,,No,,,
LDPE,LD HEAVY,HP0322N,SABIC,,No,,,
LDPE,LD HEAVY,HP0323NN,SABIC,,No,,,
LDPE,LD HEAVY,LFI2103,SASOL,,No,,,
LDPE,LD HEAVY,LFI2130,SASOL,,No,,,
LDPE,LD HEAVY,322,SIPCHEM,,No,,,
LDPE,LD HEAVY,025N,SNETOR,,No,,,
LDPE,LD HEAVY,0725N,TASNEE,,No,,,
LDPE,LD HEAVY,LDF02919,TRICON,,No,,,
LDPE,LD HEAVY,LDF02919SB,TRICON,,No,,,
LDPE,LD HEAVY,LDF03922,TRICON,,No,,,
LDPE,LD LAMI,LA0710-LOTRENE,,LDPE LAMI LA0710-LOTRENE,Yes,227.39,,
LDPE,LD LAMI,C7100,APC,,No,,,
LDPE,LD LAMI,E1970,ARAMCO,,No,,,
LDPE,LD LAMI,LD20T,ARAMCO,,No,,,
LDPE,LD LAMI,L1885,ASAHI KASEI,,No,,,
LDPE,LD LAMI,1057EC,BAMBERGER,,No,,,
LDPE,LD LAMI,NA204000,BASELL,,No,,,
LDPE,LD LAMI,NA214000,BASELL,,No,,,
LDPE,LD LAMI,FT8230,BOROUGE,,No,,,
LDPE,LD LAMI,720A(BF),CERTENE,,No,,,
LDPE,LD LAMI,722,DOW,,No,,,
LDPE,LD LAMI,EC7000,DOW,LDPE LAMI EC7000 - DOW,Yes,272.28,,
LDPE,LD LAMI,200.48,EXXON,,No,,,
LDPE,LD LAMI,241.48,EXXON,,No,,,
LDPE,LD LAMI,7515.BA,EXXON,,No,,,
LDPE,LD LAMI,LD-258,EXXON,,No,,,
LDPE,LD LAMI,LD250,EXXON,,No,,,
LDPE,LD LAMI,LD251,EXXON,,No,,,
LDPE,LD LAMI,LD5016,EXXON,,No,,,
LDPE,LD LAMI,LD8016,EXXON,,No,,,
LDPE,LD LAMI,LD8219.BA,EXXON,,No,,,
LDPE,LD LAMI,955,HANWHA,,No,,,
LDPE,LD LAMI,965,HANWHA,,No,,,
LDPE,LD LAMI,19N430,INEOS,,No,,,
LDPE,LD LAMI,M21N430,INEOS,,No,,,
LDPE,LD LAMI,M24N430,INEOS,,No,,,
LDPE,LD LAMI,NONPRIME-,INEOS,,No,,,
LDPE,LD LAMI,LB7000,LG,,No,,,
LDPE,LD LAMI,LB7500N,LG,,No,,,
LDPE,LD LAMI,XL610H,LOTTE,,No,,,
LDPE,LD LAMI,LDC-770,MARPOL,,No,,,
LDPE,LD LAMI,LD75915,MERONA(USA),,No,,,
LDPE,LD LAMI,8000,MONTACHEM,,No,,,
LDPE,LD LAMI,LD750,OSTERLENE,,No,,,
LDPE,LD LAMI,RAVALENE-NON-PRIME,RAVAGO,,No,,,
LDPE,LD LAMI,1970C,REPSOL,,No,,,
LDPE,LD LAMI,PE071,REPSOL,,No,,,
LDPE,LD LAMI,1070LA17,RIL,LDPE LAMI 1070LA17 - RIL,Yes,281.49,199.30,Ex-Depot
LDPE,LD LAMI,1070LA17-NONPRIME,RIL,LDPE LAMI 1070LA17-NONPRIME - RIL,Yes,277.39,,
LDPE,LD LAMI,UTNC-1070LA17-OFFGRADE,RIL,,No,,,
LDPE,LD LAMI,7019EC,SABIC,LDPE LAMI 7019EC - SABIC,Yes,289.10,,
LDPE,LD LAMI,9019EC,SABIC,LDPE LAMI 9019EC - SABIC,Yes,281.75,,
LDPE,LD LAMI,GX20-NONPRIME,SABIC(PLAIN BAG),,No,,,
LDPE,LD LAMI,2207M,SASOL,,No,,,
LDPE,LD LAMI,LEC-1969,SASOL,,No,,,
LDPE,LD LAMI,D388C,SCG,,No,,,
LDPE,LD LAMI,D777C,SCG,,No,,,
LDPE,LD LAMI,LD1905F,SCG,,No,,,
LDPE,LD LAMI,LD40106-OFFGRADE,SONALENE,,No,,,
LDPE,LD LAMI,LD40108-NONPRIME,SONALENE,,No,,,
LDPE,LD LAMI,L705,SUMITOMO,,No,,,
LDPE,LD LAMI,801YY,TITAN,LDPE LAMI 801YY - TITAN,Yes,276.45,,
LDPE,LD LAMI,COSMOTHENE-L705,TPC,,No,,,
LDPE,LD LAMI,GX70,TPC,,No,,,
LDPE,LD LAMI,L420,TPC,,No,,,
LDPE,LD LAMI,L712,TPC,,No,,,
LDPE,LD LAMI,LDU7915,TRICON,,No,,,
LDPE,LD LAMI,LDU8918,TRICON,,No,,,
LDPE,LD LAMI,LD0718,VINMAR,,No,,,
LDPE,LD MILK,2421F,BASELL,,No,,,
LDPE,LD MILK,2427F,BASELL,LDPE MILK 2427F - BASELL,Yes,181.45,,
LDPE,LD MILK,FT5236,BOROUGE,,No,,,
LDPE,LD MILK,310E,DOW,,No,,,
LDPE,LD MILK,312E,DOW,LDPE MILK 312E - DOW,Yes,186.75,,
LDPE,LD MILK,07523.AC,EXXON,,No,,,
LDPE,LD MILK,07523.BW(NONSLIP),EXXON,LDPE MILK 07523.BW(NONSLIP) - EXXON,Yes,175.45,,
LDPE,LD MILK,150AC,EXXON,,No,,,
LDPE,LD MILK,150BW,EXXON,,No,,,
LDPE,LD MILK,FR2375K,FORMOSA,,No,,,
LDPE,LD MILK,2426F,INNOPLUS,LDPE MILK 2426F - INNOPLUS,Yes,181.75,,
LDPE,LD MILK,FB5026,LOTRENE,LDPE MILK FB5026 - LOTRENE,Yes,191.18,,
LDPE,LD MILK,FE8004,LOTRENE,,No,,,
LDPE,LD MILK,1005FY20,RIL,,No,,,
LDPE,LD MILK,J1005FS20-S,RIL,,No,,,
LDPE,LD MILK,J1005FY20,RIL,LDPE MILK J1005FY20 - RIL,Yes,184.39,183.56,Ex-Depot
LDPE,LD MILK,HP0723JN,SABIC,LDPE MILK HP0723JN - SABIC,Yes,183.39,,
LDPE,LD MILK,LF2207M,SASOL,,No,,,
LDPE,LD MILK,823,SIPCHEM,,No,,,
LDPE,LD MOULD,1800H,BASELL,,No,,,
LDPE,LD MOULD,A2700M,BASELL,,No,,,
LDPE,LD MOULD,IP2418,BRASKEM,,No,,,
LDPE,LD MOULD,955I,DOW,,No,,,
LDPE,LD MOULD,MG70,LOTRENE,,No,,,
LDPE,LD MOULD,LDI300YY,LOTTE,,No,,,
LDPE,LD MOULD,LD3500,OSTERMAN,,No,,,
LDPE,LD MOULD,16MA400,RIL,LDPE MOULD 16MA400 - RIL,Yes,253.70,189.29,Ex-Depot
LDPE,LD MOULD,J16MA400,RIL,,No,,,
LDPE,LD MOULD,HP15023,SABIC,,No,,,
LDPE,LD MOULD,HP20023,SABIC,LDPE MOULD HP20023 - SABIC,Yes,246.75,,
LDPE,LD MOULD,HP7022,SABIC,,No,,,
LDPE,LD MOULD,PCG22,SABIC,,No,,,
LDPE,LD MOULD,LIM1922,SASOL,,No,,,
LDPE,LD NONSLIP,2420H,AKPC,,No,,,
LDPE,LD NONSLIP,2421H,BASELL,LDPE NONSLIP 2421H - BASELL,Yes,165.45,,
LDPE,LD NONSLIP,LF2207X,BASELL,,No,,,
LDPE,LD NONSLIP,LF2220H,BASELL,,No,,,
LDPE,LD NONSLIP,LF2220HX01,BASELL,,No,,,
LDPE,LD NONSLIP,LF2220X,BASELL,,No,,,
LDPE,LD NONSLIP,LF0200,BIPC,,No,,,
LDPE,LD NONSLIP,FT4119,BOROUGE,,No,,,
LDPE,LD NONSLIP,FT4119-NONPRIME,BOROUGE,,No,,,
LDPE,LD NONSLIP,FT5230,BOROUGE,LDPE NONSLIP FT5230 - BOROUGE,Yes,170.75,,
LDPE,LD NONSLIP,FT6230,BOROUGE,LDPE NONSLIP FT6230 - BOROUGE,Yes,167.75,,
LDPE,LD NONSLIP,2420E02,BPC,,No,,,
LDPE,LD NONSLIP,2420H-YULONG,CHINA,,No,,,
LDPE,LD NONSLIP,1200EAS-NONPRIME,DOW,,No,,,
LDPE,LD NONSLIP,450E,DOW,LDPE NONSLIP 450E - DOW,Yes,170.89,,
LDPE,LD NONSLIP,505I,DOW,,No,,,
LDPE,LD NONSLIP,690,DOW,,No,,,
LDPE,LD NONSLIP,692,DOW,,No,,,
LDPE,LD NONSLIP,91020,DOW,,No,,,
LDPE,LD NONSLIP,100BW,EXXON,,No,,,
LDPE,LD NONSLIP,151BW,EXXON,,No,,,
LDPE,LD NONSLIP,158BW,EXXON,,No,,,
LDPE,LD NONSLIP,2022.BW,EXXON,LDPE NONSLIP 2022.BW - EXXON,Yes,167.15,,
LDPE,LD NONSLIP,2025.BW,EXXON,,No,,,
LDPE,LD NONSLIP,FL2202C,FORMOSA,,No,,,
LDPE,LD NONSLIP,FR2375C,FORMOSA,,No,,,
LDPE,LD NONSLIP,L2102TX00,LALEH,,No,,,
LDPE,LD NONSLIP,FD0270,LOTRENE,LDPE NONSLIP FD0270 - LOTRENE,Yes,173.75,,
LDPE,LD NONSLIP,LDF200YZ,LOTTE,LDPE NONSLIP LDF200YZ - LOTTE,Yes,164.95,,
LDPE,LD NONSLIP,A2920,MARPOL,,No,,,
LDPE,LD NONSLIP,7922AB,MERONA(USA),,No,,,
LDPE,LD NONSLIP,LD020D,PLASLENE,,No,,,
LDPE,LD NONSLIP,RAVALENE-NONPRIME,RAVAGO,,No,,,
LDPE,LD NONSLIP,1020FA20-BARODA,RIL,,No,,,
LDPE,LD NONSLIP,1020FA20-NAGOTHANE,RIL,,No,,,
LDPE,LD NONSLIP,1020XA20,RIL,,No,,,
LDPE,LD NONSLIP,J1020FA20,RIL,LDPE NONSLIP J1020FA20 - RIL,Yes,170.68,177.38,Ex-Depot
LDPE,LD NONSLIP,J1020FF20,RIL,LDPE NONSLIP J1020FF20 - RIL,Yes,172.39,177.88,Ex-Depot
LDPE,LD NONSLIP,J1020XA20,RIL,,No,,,
LDPE,LD NONSLIP,HP0722NN,SABIC,,No,,,
LDPE,LD NONSLIP,HP0724NN,SABIC,,No,,,
LDPE,LD NONSLIP,HP2022N,SABIC,,No,,,
LDPE,LD NONSLIP,HP2023N,SABIC,,No,,,
LDPE,LD NONSLIP,HP2023NN,SABIC,,No,,,
LDPE,LD NONSLIP,HP2024NDF,SABIC,,No,,,
LDPE,LD NONSLIP,HP2025NN,SABIC,,No,,,
LDPE,LD NONSLIP,LF2119,SASOL,,No,,,
LDPE,LD NONSLIP,LF2220,SASOL,,No,,,
LDPE,LD NONSLIP,LFI2185,SASOL,,No,,,
LDPE,LD NONSLIP,L2920,STAR RESIN,,No,,,
LDPE,LD SLIP,2427H,BASELL,,No,,,
LDPE,LD SLIP,NA321210,BASELL,,No,,,
LDPE,LD SLIP,FT6236,BOROUGE,,No,,,
LDPE,LD SLIP,FT6238,BOROUGE,LDPE SLIP FT6238 - BOROUGE,Yes,163.81,,
LDPE,LD SLIP,FT7229-NONPRIME,BOROUGE,,No,,,
LDPE,LD SLIP,352E,DOW,,No,,,
LDPE,LD SLIP,136MN,EXXON,,No,,,
LDPE,LD SLIP,158JD,EXXON,,No,,,
LDPE,LD SLIP,2022.AC,EXXON,,No,,,
LDPE,LD SLIP,2022.BR,EXXON,,No,,,
LDPE,LD SLIP,2025.JD,EXXON,,No,,,
LDPE,LD SLIP,FL2202A,FORMOSA,,No,,,
LDPE,LD SLIP,L2102TN42,LALEH,,No,,,
LDPE,LD SLIP,FD0274,LOTRENE,,No,,,
LDPE,LD SLIP,LF410,LOTTE,,No,,,
LDPE,LD SLIP,2426E02,POLYMERC,,No,,,
LDPE,LD SLIP,1035FS20,RIL,,No,,,
LDPE,LD SLIP,J1020FS20,RIL,LDPE SLIP J1020FS20 - RIL,Yes,169.68,178.88,Ex-Depot
LDPE,LD SLIP,J24FX012,RIL,,No,,,
LDPE,LD SLIP,HP0823JN,SABIC,,No,,,
LDPE,LD SLIP,HP2022J,SABIC,,No,,,
LDPE,LD SLIP,HP2023J,SABIC,,No,,,
LDPE,LD SLIP,HP2023JN,SABIC,,No,,,
LDPE,LD SLIP,HP2025JN,SABIC,,No,,,
LDPE,LD SLIP,LFI-2125A,SASOL,,No,,,
LDPE,LD SLIP,1925AS,TASNEE,,No,,,
LDPE,LD SLIP,1022FN24,TOTAL,,No,,,
LDPE,LD SLIP,LDF2921,TRICON,,No,,,
LDPE,LD SLIP,LDF2923,TRICON,,No,,,
LDPE,LD SLIP,LDF2923-12,TRICON,,No,,,
LL,LL NONSLIP,F2231,ARAMCO,,No,,,
LL,LL NONSLIP,DFDA7042,BAOFENG ENERGY,,No,,,
LL,LL NONSLIP,GA1810,BASELL,LLDPE NONSLIP GA1810 - BASELL,Yes,144.18,,
LL,LL NONSLIP,GA1820,BASELL,,No,,,
LL,LL NONSLIP,GA1832,BASELL,,No,,,
LL,LL NONSLIP,HF1810,BASELL,,No,,,
LL,LL NONSLIP,F20A010IA,BCPL,,No,,,
LL,LL NONSLIP,F22A025IA,BCPL,,No,,,
LL,LL NONSLIP,22B01,BPC,,No,,,
LL,LL NONSLIP,22B02-NONSLIP,BPC,,No,,,
LL,LL NONSLIP,YULONG-7047,CHINA,,No,,,
LL,LL NONSLIP,7042,CHNENERGY,LLDPE NONSLIP 7042 - CHNENERGY,Yes,141.38,,
LL,LL NONSLIP,1050P,DOW,,No,,,
LL,LL NONSLIP,1211P,DOW,,No,,,
LL,LL NONSLIP,1221P,DOW,,No,,,
LL,LL NONSLIP,1488,DOW,,No,,,
LL,LL NONSLIP,1647C,DOW,,No,,,
LL,LL NONSLIP,1659C,DOW,,No,,,
LL,LL NONSLIP,2035G,DOW,LLDPE NONSLIP 2035G - DOW,Yes,166.75,,
LL,LL NONSLIP,2036P,DOW,,No,,,
LL,LL NONSLIP,2038.68,DOW,,No,,,
LL,LL NONSLIP,2045G,DOW,,No,,,
LL,LL NONSLIP,2047G,DOW,,No,,,
LL,LL NONSLIP,2098P,DOW,,No,,,
LL,LL NONSLIP,2606G,DOW,LLDPE NONSLIP 2606G - DOW,Yes,155.25,,
LL,LL NONSLIP,2606GC,DOW,,No,,,
LL,LL NONSLIP,2607G,DOW,,No,,,
LL,LL NONSLIP,2607GC,DOW,,No,,,
LL,LL NONSLIP,2645G,DOW,LL NONSLIP 2645G - DOW,Yes,146.75,,
LL,LL NONSLIP,4607GC,DOW,,No,,,
LL,LL NONSLIP,5220G,DOW,LLDPE NONSLIP 5220G - DOW,Yes,163.75,,
LL,LL NONSLIP,5538G,DOW,,No,,,
LL,LL NONSLIP,7028-NT7,DOW,,No,,,
LL,LL NONSLIP,DFDA-7047-NT7,DOW,,No,,,
LL,LL NONSLIP,DFDC-7059-NT7,DOW,,No,,,
LL,LL NONSLIP,EFDA-7047,EQUATE,,No,,,
LL,LL NONSLIP,LLF-3000-NONPRIME,EQUATE,,No,,,
LL,LL NONSLIP,1001AV,EXXON,,No,,,
LL,LL NONSLIP,1002AY,EXXON,,No,,,
LL,LL NONSLIP,1002YB,EXXON,,No,,,
LL,LL NONSLIP,20024,EXXON,,No,,,
LL,LL NONSLIP,2018.AY,EXXON,,No,,,
LL,LL NONSLIP,6100.17,EXXON,,No,,,
LL,LL NONSLIP,6101RQ-POWDER,EXXON,,No,,,
LL,LL NONSLIP,6101XR,EXXON,,No,,,
LL,LL NONSLIP,E20AN009,GAIL,,No,,,
LL,LL NONSLIP,F18A010UA,GAIL,LLDPE NONSLIP F18A010UA - GAIL,Yes,142.13,,
LL,LL NONSLIP,F18A020UA,GAIL,LLDPE NONSLIP F18A020UA - GAIL,Yes,142.18,,
LL,LL NONSLIP,F18A020UA-OFFGRADE,GAIL,,No,,,
LL,LL NONSLIP,7410D,GC,,No,,,
LL,LL NONSLIP,7420A,GC,,No,,,
LL,LL NONSLIP,71601W,HALDIA,,No,,,
LL,LL NONSLIP,71602W,HALDIA,,No,,,
LL,LL NONSLIP,92001W,HALDIA,,No,,,
LL,LL NONSLIP,F0118L,HMEL,LLDPE NONSLIP F0118L - HMEL,Yes,141.63,,
LL,LL NONSLIP,F0218L,HMEL,LLDPE NONSLIP F0218L - HMEL,Yes,140.92,,
LL,LL NONSLIP,F0320L,HMEL,LLDPE NONSLIP F0320L - HMEL,Yes,140.18,,
LL,LL NONSLIP,N0118L-NONPRIME,HMEL,,No,,,
LL,LL NONSLIP,N0218L-NONPRIME,HMEL,LLDPE NONSLIP N0218L-NONPRIME - HMEL,Yes,142.25,,
LL,LL NONSLIP,F02020,HPCL,LLDPE NONSLIP F02020 - HPCL,Yes,143.31,,
LL,LL NONSLIP,7410A,INNOPLUS,,No,,,
LL,LL NONSLIP,010F18A,IOCL,,No,,,
LL,LL NONSLIP,010F18A-NONPRIME,IOCL,,No,,,
LL,LL NONSLIP,020F18A,IOCL,,No,,,
LL,LL NONSLIP,0209AA,IPCC,,No,,,
LL,LL NONSLIP,235F6,JPC,,No,,,
LL,LL NONSLIP,1018N,LOTRENE,,No,,,
LL,LL NONSLIP,Q1018N,LOTRENE,,No,,,
LL,LL NONSLIP,Q2018C,LOTRENE,,No,,,
LL,LL NONSLIP,Q2018N,LOTRENE,,No,,,
LL,LL NONSLIP,Q3018C,LOTRENE,,No,,,
LL,LL NONSLIP,C1802,LUBAN,LLDPE NONSLIP C1802 - LUBAN,Yes,143.70,,
LL,LL NONSLIP,DFDA-7042,LUBAN,,No,,,
LL,LL NONSLIP,DFDA-7042-NONPRIME,LUBAN,,No,,,
LL,LL NONSLIP,DFDA-7047,LUBAN,,No,,,
LL,LL NONSLIP,DFDA-7047-NONPRIME,LUBAN,,No,,,
LL,LL NONSLIP,DFDA-7059,LUBAN,,No,,,
LL,LL NONSLIP,DFDA-7059-NONPRIME,LUBAN,,No,,,
LL,LL NONSLIP,F1802,LUBAN,,No,,,
LL,LL NONSLIP,LL-F1801,LUBAN,,No,,,
LL,LL NONSLIP,4F-801,MARPOL,,No,,,
LL,LL NONSLIP,F2001A,OPAL,LLDPE NONSLIP F2001A - OPAL,Yes,142.18,,
LL,LL NONSLIP,F2002A,OPAL,LLDPE NONSLIP F2002A - OPAL,Yes,141.77,,
LL,LL NONSLIP,F2003A,OPAL,LLDPE NONSLIP F2003A - OPAL,Yes,142.81,,
LL,LL NONSLIP,FC18N,QAMAR,,No,,,
LL,LL NONSLIP,FD18N,QAMAR,,No,,,
LL,LL NONSLIP,20FA010,RIL,,No,,,
LL,LL NONSLIP,20FA020,RIL,,No,,,
LL,LL NONSLIP,F17030,RIL,LLDPE NONSLIP F17030 - RIL,Yes,154.39,165.74,Ex-Depot
LL,LL NONSLIP,F18010-Hazira,RIL,,No,,,
LL,LL NONSLIP,F18020,RIL,,No,,,
LL,LL NONSLIP,JE18030,RIL,,No,,,
LL,LL NONSLIP,JF18010,RIL,LLDPE NONSLIP JF18010 - RIL,Yes,142.67,165.74,Ex-Depot
LL,LL NONSLIP,JF18010-NONPRIME,RIL,,No,,,
LL,LL NONSLIP,JF18020,RIL,LLDPE NONSLIP JF18020 - RIL,Yes,142.18,165.74,Ex-Depot
LL,LL NONSLIP,JF18030,RIL,LLDPE NONSLIP JF18030 - RIL,Yes,142.81,,
LL,LL NONSLIP,O18030,RIL,,No,,,
LL,LL NONSLIP,118NJ,SABIC,,No,,,
LL,LL NONSLIP,118NM,SABIC,,No,,,
LL,LL NONSLIP,119NJ,SABIC,,No,,,
LL,LL NONSLIP,122NJ,SABIC,,No,,,
LL,LL NONSLIP,218BJ,SABIC,,No,,,
LL,LL NONSLIP,218NF,SABIC,,No,,,
LL,LL NONSLIP,218NJ,SABIC,,No,,,
LL,LL NONSLIP,219NJ,SABIC,,No,,,
LL,LL NONSLIP,222NJ,SABIC,,No,,,
LL,LL NONSLIP,318BJ,SABIC,,No,,,
LL,LL NONSLIP,318CNJ,SABIC,,No,,,
LL,LL NONSLIP,324CNJ,SABIC,,No,,,
LL,LL NONSLIP,F2N-NONPRIME,SABIC,,No,,,
LL,LL NONSLIP,7047,SONALENE,,No,,,
LL,LL NONSLIP,H2920,STAR,,No,,,
LL,LL NONSLIP,FS350A,SUMITOMO,,No,,,
LL,LL NONSLIP,LLB1918,TRICON,,No,,,
LL,LL SLIP,F2111BS,ARAMCO,,No,,,
LL,LL SLIP,F2122BS,ARAMCO,,No,,,
LL,LL SLIP,GA1810T,BASELL,LLDPE SLIP GA1810T - BASELL,Yes,142.75,,
LL,LL SLIP,HF1810P,BASELL,,No,,,
LL,LL SLIP,F20S010B-NONPRIME,BCPL,,No,,,
LL,LL SLIP,F20S010IA,BCPL,LLDPE SLIP F20S010IA - BCPL,Yes,141.17,,
LL,LL SLIP,F22S025IA,BCPL,,No,,,
LL,LL SLIP,FB1200,BOROUGE,,No,,,
LL,LL SLIP,FM1810,BOROUGE,,No,,,
LL,LL SLIP,FM1818,BOROUGE,,No,,,
LL,LL SLIP,22B02,BPC,,No,,,
LL,LL SLIP,UF1810T,CHANDRA,,No,,,
LL,LL SLIP,0218H,CYNPOL,,No,,,
LL,LL SLIP,1210P,DOW,,No,,,
LL,LL SLIP,1220P,DOW,,No,,,
LL,LL SLIP,2045.11G,DOW,,No,,,
LL,LL SLIP,2645.11G,DOW,LL SLIP 2645.11G - DOW,Yes,146.75,,
LL,LL SLIP,2685G,DOW,,No,,,
LL,LL SLIP,5045P,DOW,,No,,,
LL,LL SLIP,AT6202,DOW,,No,,,
LL,LL SLIP,XZ-89513.00(EXPERIMENTAL),DOW,LLDPE SLIP XZ-89513.00(EXPERIMENTAL) - DOW,Yes,177.39,,
LL,LL SLIP,7087,EQUATE,LLDPE SLIP 7087 - EQUATE,Yes,140.45,,
LL,LL SLIP,EFDC-7050,EQUATE,,No,,,
LL,LL SLIP,LF10181,EVALENE,,No,,,
LL,LL SLIP,1001BU,EXXON,,No,,,
LL,LL SLIP,1001XBU,EXXON,,No,,,
LL,LL SLIP,1002BU,EXXON,,No,,,
LL,LL SLIP,1018.XBU,EXXON,,No,,,
LL,LL SLIP,1018BU,EXXON,,No,,,
LL,LL SLIP,2018.BU,EXXON,,No,,,
LL,LL SLIP,F18S010U,GAIL,LLDPE SLIP F18S010U - GAIL,Yes,141.17,,
LL,LL SLIP,F18S010U-OFFGRADE,GAIL,,No,,,
LL,LL SLIP,F18S010UB-NONPRIME,GAIL,,No,,,
LL,LL SLIP,F18S020U,GAIL,,No,,,
LL,LL SLIP,F20S009-NONPRIME,GAIL,,No,,,
LL,LL SLIP,F20S009A,GAIL,LLDPE SLIP F20S009A - GAIL,Yes,142.68,,
LL,LL SLIP,71501POWDER,HALDIA,,No,,,
LL,LL SLIP,71501S,HALDIA,LLDPE SLIP 71501S - HALDIA,Yes,140.92,145.30,Ex-Depot
LL,LL SLIP,71601S,HALDIA,,No,,,
LL,LL SLIP,71602S,HALDIA,,No,,,
LL,LL SLIP,92001S,HALDIA,,No,,,
LL,LL SLIP,3120,HANWHA,,No,,,
LL,LL SLIP,F0120L,HMEL,LLDPE SLIP F0120L - HMEL,Yes,140.67,,
LL,LL SLIP,F0120L-NONPRIME,HMEL,,No,,,
LL,LL SLIP,N0120L-NONPRIME,HMEL,,No,,,
LL,LL SLIP,OGLLES-OFFGRADE,HMEL,LLDPE SLIP OGLLES-OFFGRADE - HMEL,Yes,137.18,,
LL,LL SLIP,F01019S,HPCL,LLDPE SLIP F01019S - HPCL,Yes,143.31,,
LL,LL SLIP,010F18S,IOCL,,No,,,
LL,LL SLIP,010F18S-OFFGRADE-XFLL,IOCL,,No,,,
LL,LL SLIP,020F18S,IOCL,,No,,,
LL,LL SLIP,22501KJ,JPC,,No,,,
LL,LL SLIP,UF1001DH,LG,,No,,,
LL,LL SLIP,1401,LLDPE,,No,,,
LL,LL SLIP,Q1018H,LOTRENE,,No,,,
LL,LL SLIP,Q2018H,LOTRENE,,No,,,
LL,LL SLIP,7080-NONPRIME,LUBAN,,No,,,
LL,LL SLIP,DFDC-7050,LUBAN,,No,,,
LL,LL SLIP,DFDC-7050-NONPRIME,LUBAN,,No,,,
LL,LL SLIP,DFDC-7080,LUBAN,,No,,,
LL,LL SLIP,F1801SA,LUBAN,LLDPE SLIP F1801SA - LUBAN,Yes,143.70,,
LL,LL SLIP,F1802SA,LUBAN,,No,,,
LL,LL SLIP,LL-L-10-OFFGRADE,LUBAN,LLDPE SLIP LL-L-10-OFFGRADE - LUBAN,Yes,139.75,,
LL,LL SLIP,4F801-SB,MARPOL,,No,,,
LL,LL SLIP,6F801-SB,MARPOL,,No,,,
LL,LL SLIP,F2001S,OPAL,LLDPE SLIP F2001S - OPAL,Yes,142.18,,
LL,LL SLIP,F2001S,OPAL,,No,,,
LL,LL SLIP,F2001S-NONPRIME,OPAL,,No,,,
LL,LL SLIP,F2002S,OPAL,,No,,,
LL,LL SLIP,ULLE-OFFGRADE,OPAL,,No,,,
LL,LL SLIP,0209SA,PETRONAS,,No,,,
LL,LL SLIP,LL0209SP,PETRONAS,,No,,,
LL,LL SLIP,LL4211S,PREFCHEM,,No,,,
LL,LL SLIP,CD18N,QAMAR,,No,,,
LL,LL SLIP,FC21HN,QAMAR,,No,,,
LL,LL SLIP,FC21HS,QAMAR,,No,,,
LL,LL SLIP,FD21HN,QAMAR,,No,,,
LL,LL SLIP,FD21HS,QAMAR,,No,,,
LL,LL SLIP,20FS010,RIL,LLDPE SLIP 20FS010 - RIL,Yes,143.48,,
LL,LL SLIP,20FS010T-JUMBOBAGS,RIL,,No,,,
LL,LL SLIP,20FS020,RIL,,No,,,
LL,LL SLIP,F19010-Hazira,RIL,LLDPE SLIP F19010-Hazira - RIL,Yes,146.39,,
LL,LL SLIP,F22020,RIL,,No,,,
LL,LL SLIP,HP19010,RIL,,No,,,
LL,LL SLIP,JF19010,RIL,LLDPE SLIP JF19010 - RIL,Yes,142.67,165.75,Ex-Depot
LL,LL SLIP,JF19010J-JUMBO,RIL,,No,,,
LL,LL SLIP,JF19010N-NONPRIME,RIL,,No,,,
LL,LL SLIP,JF19020,RIL,LLDPE SLIP JF19020 - RIL,Yes,145.39,165.75,Ex-Depot
LL,LL SLIP,N22020-NONPRIME,RIL,LLDPE SLIP N22020-NONPRIME - RIL,Yes,140.81,,
LL,LL SLIP,O19010,RIL,,No,,,
LL,LL SLIP,O21010,RIL,,No,,,
LL,LL SLIP,UFJG-OFFGRADE,RIL,,No,,,
LL,LL SLIP,UFNC-OFFGRADE,RIL,,No,,,
LL,LL SLIP,F19010,RIL (HAZIRA),,No,,,
LL,LL SLIP,118WJ,SABIC,LLDPE SLIP 118WJ - SABIC,Yes,144.25,,
LL,LL SLIP,118WM,SABIC,,No,,,
LL,LL SLIP,119ZJ,SABIC,,No,,,
LL,LL SLIP,122WJ,SABIC,,No,,,
LL,LL SLIP,218WJ,SABIC,LLDPE SLIP 218WJ - SABIC,Yes,143.55,,
LL,LL SLIP,218WM,SABIC,,No,,,
LL,LL SLIP,219ZJ,SABIC,,No,,,
LL,LL SLIP,222WJ,SABIC,LLDPE SLIP 222WJ - SABIC,Yes,142.25,,
LL,LL SLIP,320BJ,SABIC,,No,,,
LL,LL SLIP,L1210F,SCGC,LLDPE SLIP L1210F - SCGC,Yes,147.60,,
LL,LL SLIP,L1220F,SCGC,LLDPE SLIP L1220F - SCGC,Yes,139.95,,
LL,LL SLIP,1918SA,STAR,,No,,,
LL,LL SLIP,H1920.SA,STAR,,No,,,
LL,LL SLIP,FS153S,SUMITOMO,,No,,,
LL,LL SLIP,FS253S,SUMITOMO,,No,,,
LL,LL SLIP,LLB1918SB,TRICON,,No,,,
LL,LL SLIP,LLH0919,TRICON,,No,,,
LLDPE,LL DRIP,LE1711,BOROUGE,,No,,,
LLDPE,LL DRIP,LE2270,BOROUGE,LLDPE DRIP LE2270 - BOROUGE,Yes,160.60,,
LLDPE,LL DRIP,D20A006U,GAIL,,No,,,
LLDPE,LL DRIP,D22S010A,GAIL,LLDPE DRIP D22S010A - GAIL,Yes,144.86,,
LLDPE,LL DRIP,D22S010A-OFFGRADE,GAIL,,No,,,
LLDPE,LL DRIP,71601D,HALDIA,,No,,,
LLDPE,LL DRIP,D0120L,HMEL,LLDPE DRIP D0120L - HMEL,Yes,144.20,,
LLDPE,LL DRIP,D0120L-NONPRIME,HMEL,,No,,,
LLDPE,LL DRIP,010L22S,IOCL,,No,,,
LLDPE,LL DRIP,010L22S-NONPRIME,IOCL,,No,,,
LLDPE,LL DRIP,D2001S,OPAL,,No,,,
LLDPE,LL DRIP,20DS010,RIL,,No,,,
LLDPE,LL DRIP,E19010,RIL,,No,,,
LLDPE,LL DRIP,JD19010,RIL,LLDPE DRIP JD19010 - RIL,Yes,140.67,165.05,Ex-Depot
LLDPE,LL DRIP,JD22010,RIL,LLDPE DRIP JD22010 - RIL,Yes,143.67,166.25,Ex-Depot
LLDPE,LL DRIP,JD22010J-JUMBO,RIL,,No,,,
LLDPE,LL HEXENE,FB2230,BOROUGE,LLDPE HEAVY FB2230 - BOROUGE,Yes,209.28,,
LLDPE,LL HEXENE,FB2239-NONPRIME,BOROUGE,,No,,,
LLDPE,LL HEXENE,0211,EXXON,,No,,,
LLDPE,LL HEXENE,0512,EXXON,,No,,,
LLDPE,LL HEXENE,0535.MC,EXXON,,No,,,
LLDPE,LL HEXENE,3237,EXXON,,No,,,
LLDPE,LL HEXENE,3505MC,EXXON,,No,,,
LLDPE,LL HEXENE,7021ML,EXXON,,No,,,
LLDPE,LL HEXENE,7052ML,EXXON,,No,,,
LLDPE,LL HEXENE,M0512.ML,EXXON,LLDPE HEXENE M0512.ML - EXXON,Yes,174.39,,
LLDPE,LL HEXENE,HP1018BH,LG,,No,,,
LLDPE,LL HEXENE,HPR1018HA,LUBAN,,No,,,
LLDPE,LL HEXENE,LL6F-801,MARPOL,,No,,,
LLDPE,LL HEXENE,RAVALENE-HEAVY-NONPRIME,RAVAGO,,No,,,
LLDPE,LL HEXENE,HF1810PX,SASOL,,No,,,
LLDPE,LL HEXENE,HF1820X,SASOL,,No,,,
LLDPE,LL HEXENE,LLH1921SB,TRICON,,No,,,
LLDPE,LL LAMI,0015XC,EXXON,,No,,,
LLDPE,LL LAMI,15018XC,EXXON,,No,,,
LLDPE,LL LAMI,E24A070UA,GAIL,,No,,,
LLDPE,LL LAMI,E36A060,GAIL,,No,,,
LLDPE,LL LAMI,E36A060-NONPRIME,GAIL,,No,,,
LLDPE,LL LAMI,E36A060-OFFGRADE,GAIL,LLDPE LAMI E36A060-OFFGRADE - GAIL,Yes,136.18,,
LLDPE,LL LAMI,72307E,HALDIA,LLDPE LAMI 72307E - HALDIA,Yes,154.81,155.38,Ex-Depot
LLDPE,LL LAMI,E0725L,HMEL,LLDPE LAMI E0725L - HMEL,Yes,143.18,,
LLDPE,LL LAMI,E0725L-NONPRIME,HMEL,,No,,,
LLDPE,LL LAMI,N0725L-NONPRIME,HMEL,,No,,,
LLDPE,LL LAMI,065E24A,IOCL,LLDPE LAMI 065E24A - IOCL,Yes,152.44,170.93,Ex-Works
LLDPE,LL LAMI,E2507,OPAL,LLDPE LAMI E2507 - OPAL,Yes,139.58,170.07,Ex-Depot
LLDPE,LL LAMI,E2507,OPAL,,No,,,
LLDPE,LL LAMI,E24065,RIL,LLDPE LAMI E24065 - RIL,Yes,157.89,176.53,Ex-Depot
LLDPE,LL LAMI,JE24065,RIL,,No,,,
LLDPE,LL LAMI,JX24065,RIL,,No,,,
LLDPE,LL LAMI,N24065-NONPRIME,RIL,,No,,,
LLDPE,LL LAMI,X24065,RIL,,No,,,
LLDPE,LL LAMI,724EC,SABIC,,No,,,
LLDPE,LL MOULD <30mfi,GA564189,BASELL,,No,,,
LLDPE,LL MOULD <30mfi,20024-POWDER,EXXON,,No,,,
LLDPE,LL MOULD <30mfi,M2024L,HMEL,,No,,,
LLDPE,LL MOULD <30mfi,DNDA-8320,LUBAN,,No,,,
LLDPE,LL MOULD <30mfi,DNDA-8320-NONPRIME,LUBAN,,No,,,
LLDPE,LL MOULD <30mfi,M2420,LUBAN,,No,,,
LLDPE,LL MOULD <30mfi,M2525,OPAL,LLDPE MOULD M2525 - OPAL,Yes,148.81,172.04,Ex-Depot
LLDPE,LL MOULD <30mfi,OGC-9011-OFFGRADE,RAVAGO,,No,,,
LLDPE,LL MOULD <30mfi,JLL24FA030,RIL,,No,,,
LLDPE,LL MOULD <30mfi,JM24200,RIL,,No,,,
LLDPE,LL MOULD <30mfi,JM24300,RIL,,No,,,
LLDPE,LL MOULD <30mfi,LL24FA030,RIL,,No,,,
LLDPE,LL MOULD <30mfi,M24200,RIL,LLDPE MOULD M24200 - RIL,Yes,158.89,172.47,Ex-Depot
LLDPE,LL MOULD <30mfi,M24300,RIL,,No,,,
LLDPE,LL MOULD <30mfi,UMLL,RIL,,No,,,
LLDPE,LL MOULD <30mfi,M20,SABIC,,No,,,
LLDPE,LL MOULD <30mfi,M20-NONPRIME,SABIC,,No,,,
LLDPE,LL MOULD <30mfi,M200024,SABIC,,No,,,
LLDPE,LL MOULD <30mfi,M200024-NONPRIME,SABIC,,No,,,
LLDPE,LL MOULD <30mfi,M200024-OFFGRADE,SABIC,,No,,,
LLDPE,LL MOULD <30mfi,M200024T,SABIC,,No,,,
LLDPE,LL MOULD <30mfi,MG200024-POWDER,SABIC,,No,,,
LLDPE,LL MOULD >30mfi,UI2650,CHANDRA,,No,,,
LLDPE,LL MOULD >30mfi,DNDB-7147NT7,DOW,,No,,,
LLDPE,LL MOULD >30mfi,50026.XR,EXXON,LLDPE MOULD 50026.XR - EXXON,Yes,155.75,,
LLDPE,LL MOULD >30mfi,6201.19,EXXON,,No,,,
LLDPE,LL MOULD >30mfi,6201RQ-POWDER,EXXON,,No,,,
LLDPE,LL MOULD >30mfi,6201XR,EXXON,,No,,,
LLDPE,LL MOULD >30mfi,3490,FORMOSA,,No,,,
LLDPE,LL MOULD >30mfi,I26A500-NONPRIME,GAIL,,No,,,
LLDPE,LL MOULD >30mfi,I26A500U-OFFGRADE,GAIL,,No,,,
LLDPE,LL MOULD >30mfi,I26A500UA,GAIL,LLDPE MOULD I26A500UA - GAIL,Yes,156.73,,
LLDPE,LL MOULD >30mfi,M5026L,HMEL,LLDPE MOULD M5026L - HMEL,Yes,152.44,,
LLDPE,LL MOULD >30mfi,M5026L-NONPRIME,HMEL,,No,,,
LLDPE,LL MOULD >30mfi,OGLLMS-OFFGRADE,HMEL,LLDPE MOULD OGLLMS-OFFGRADE - HMEL,Yes,150.28,,
LLDPE,LL MOULD >30mfi,500M24A,IOCL,LLDPE MOULD 500M24A - IOCL,Yes,164.28,172.96,Ex-Works
LLDPE,LL MOULD >30mfi,500M24A-OFFGRADE-XMLL,IOCL,LLDPE MOULD 500M24A-OFFGRADE-XMLL - IOCL,Yes,137.18,,
LLDPE,LL MOULD >30mfi,M2550,OPAL,LLDPE MOULD M2550 - OPAL,Yes,152.81,173.79,Ex-Depot
LLDPE,LL MOULD >30mfi,JM26500,RIL,,No,,,
LLDPE,LL MOULD >30mfi,M26500,RIL,LLDPE MOULD M26500 - RIL,Yes,156.06,173.71,Ex-Depot
LLDPE,LL MOULD >30mfi,M500026,SABIC,LLDPE MOULD M500026 - SABIC,Yes,155.81,,
LLDPE,LL MOULD >30mfi,M500026T,SABIC,,No,,,
LLDPE,LL MOULD >30mfi,MG500026,SABIC,,No,,,
LLDPE,LL MOULD >30mfi,LLBI50926,TRICON,,No,,,
LLDPE,LL ROTO,8446.21-LUBAN(OFFGRADE),,LLDPE ROTO 8446.21-LUBAN(OFFGRADE),Yes,134.18,,
LLDPE,LL ROTO,R38A040IA,BCPL,,No,,,
LLDPE,LL ROTO,R38A040IA-OFFGRADE,BCPL,,No,,,
LLDPE,LL ROTO,UR3840V,CHANDRA,,No,,,
LLDPE,LL ROTO,LH3750M,DAELIM,,No,,,
LLDPE,LL ROTO,3840U,FORMOSA,,No,,,
LLDPE,LL ROTO,R35A042,GAIL,,No,,,
LLDPE,LL ROTO,R35U042,GAIL,,No,,,
LLDPE,LL ROTO,R36A050U,GAIL,LLDPE ROTO R36A050U - GAIL,Yes,145.43,,
LLDPE,LL ROTO,R36A050U-OFFGRADE,GAIL,,No,,,
LLDPE,LL ROTO,R36A050UA,GAIL,,No,,,
LLDPE,LL ROTO,R36A050UA-UV-OFFGRADE,GAIL,,No,,,
LLDPE,LL ROTO,R36U050U,GAIL,,No,,,
LLDPE,LL ROTO,R36U050U-B-OFFGRADE,GAIL,,No,,,
LLDPE,LL ROTO,R36U050U-UV,GAIL,,No,,,
LLDPE,LL ROTO,9630U,GC,,No,,,
LLDPE,LL ROTO,9630UP-POWDER,GC,,No,,,
LLDPE,LL ROTO,9641U,GC,,No,,,
LLDPE,LL ROTO,73005T,HALDIA,LLDPE ROTO 73005T - HALDIA,Yes,154.28,150.49,Ex-Depot
LLDPE,LL ROTO,73005T-ZNONPRIME,HALDIA,,No,,,
LLDPE,LL ROTO,73005TU,HALDIA,,No,,,
LLDPE,LL ROTO,73204T,HALDIA,,No,,,
LLDPE,LL ROTO,73204TU,HALDIA,,No,,,
LLDPE,LL ROTO,LLT12,HALDIA,,No,,,
LLDPE,LL ROTO,N0536L-NONPRIME,HMEL,,No,,,
LLDPE,LL ROTO,OGLLRS-OFFGRADE,HMEL,,No,,,
LLDPE,LL ROTO,R0536L,HMEL,,No,,,
LLDPE,LL ROTO,R0536LU,HMEL,,No,,,
LLDPE,LL ROTO,042R35A,IOCL,,No,,,
LLDPE,LL ROTO,042R35A-OFFGRADE-XRLL,IOCL,LLDPE ROTO 042R35A-OFFGRADE-XRLL - IOCL,Yes,139.81,,
LLDPE,LL ROTO,042R35U,IOCL,,No,,,
LLDPE,LL ROTO,R3605UV(8446.21),LUBAN,,No,,,
LLDPE,LL ROTO,T3804,OPAL,LLDPE ROTO T3804 - OPAL,Yes,149.67,168.41,Ex-Depot
LLDPE,LL ROTO,T3804U,OPAL,LLDPE ROTO T3804U - OPAL,Yes,143.18,169.11,Ex-Depot
LLDPE,LL ROTO,T3804U,OPAL,,No,,,
LLDPE,LL ROTO,T3804U-NONPRIME,OPAL,,No,,,
LLDPE,LL ROTO,ULLT-OFFGRADE,OPAL,,No,,,
LLDPE,LL ROTO,4409U,REVOLVE,,No,,,
LLDPE,LL ROTO,6329U,REVOLVE,,No,,,
LLDPE,LL ROTO,36RA045,RIL,LLDPE ROTO 36RA045 - RIL,Yes,152.39,,
LLDPE,LL ROTO,36RA045UV,RIL,LLDPE ROTO 36RA045UV - RIL,Yes,151.81,,
LLDPE,LL ROTO,JLL36RA045,RIL,,No,,,
LLDPE,LL ROTO,JLL36RA045UV,RIL,,No,,,
LLDPE,LL ROTO,LL40RA040,RIL,,No,,,
LLDPE,LL ROTO,O35042,RIL,LLDPE ROTO O35042 - RIL,Yes,147.81,177.33,Ex-Depot
LLDPE,LL ROTO,R35042,RIL,,No,,,
LLDPE,LL ROTO,URNC-OFFGRADE-ROTO,RIL,LLDPE ROTO URNC-OFFGRADE-ROTO - RIL,Yes,147.17,,
LLDPE,LL ROTO,R50035,SABIC,,No,,,
LLDPE,LL ROTO,R50035E,SABIC,,No,,,
LLDPE,LL ROTO,RG50035-POWDER,SABIC,,No,,,
LLDPE,LL ROTO,HR3950,SASOL,,No,,,
LLDPE,LL ROTO,HR3950U,SASOL,,No,,,
LLDPE,LL ROTO,M50BKM1P,SCG,,No,,,
MAH,MAH,ME0420,BOREALIS,,No,,,
MAH,MAH,CMG-9801,FINE-BLEND,,No,,,
MAH,MAH,SMA-700,JIAXING,,No,,,
MAH,MAH,MAH-10,PLEXCHEM,,No,,,
MAH,MAH,4108,POLYRAM,,No,,,
MAH,MAH,BONDYRAM@1001,POLYRAM,,No,,,
MAH,MAH,BONDYRAM@5108,POLYRAM,,No,,,
MAH,MAH,TL-4180,POLYRAM,,No,,,
MAH,MAH,18341,SK-ENERGY,,No,,,
MAH,MAH,18343,SK-ENERGY,,No,,,
MAH,MAH,18362,SK-ENERGY,,No,,,
MAH,MAH,CA100/CAL100N,SK-ENERGY,,No,,,
MAH,MAH,OE825,SK-ENERGY,,No,,,
MASTERBATCH,MASTERBATCH,MB-S-ADD1,SOURCE.RE,,No,,,
MASTERBATCH,MASTERBATCH,POLYDRY04098,SOURCE.RE,,No,,,
MASTERBATCH,MASTERBATCH,PPA-S-ADD4,SOURCE.RE,,No,,,
MASTERBATCH,MASTERBATCH,S-ADD-5,SOURCE.RE,,No,,,
MASTERBATCH,MASTERBATCH,S-ADD2,SOURCE.RE,,No,,,
MASTERBATCH,MASTERBATCH,S-ADD3,SOURCE.RE,,No,,,
MASTERBATCH,MASTERBATCH,S-BLK1,SOURCE.RE,,No,,,
MASTERBATCH,MASTERBATCH,S-BLK2,SOURCE.RE,,No,,,
MASTERBATCH,MASTERBATCH,S-BLK3,SOURCE.RE,,No,,,
MASTERBATCH,MASTERBATCH,S-BLK4,SOURCE.RE,,No,,,
MASTERBATCH,MASTERBATCH,S-BLU1,SOURCE.RE,,No,,,
MASTERBATCH,MASTERBATCH,S-BR1,SOURCE.RE,,No,,,
MASTERBATCH,MASTERBATCH,S-GR2,SOURCE.RE,,No,,,
MASTERBATCH,MASTERBATCH,S-OR1,SOURCE.RE,,No,,,
MASTERBATCH,MASTERBATCH,S-RD1,SOURCE.RE,,No,,,
MASTERBATCH,MASTERBATCH,S-WH1,SOURCE.RE,,No,,,
MASTERBATCH,MASTERBATCH,S-WH2,SOURCE.RE,,No,,,
MASTERBATCH,MASTERBATCH,S-YL1,SOURCE.RE,,No,,,
MDI,MDI,M-200,KUMHO,,No,,,
METALLOCENE,METALLOCENE NONSLIP,FK1510,BOROUGE,,No,,,
METALLOCENE,METALLOCENE NONSLIP,FK1820,BOROUGE,METALLOCENE NONSLIP FK1820 - BOROUGE,Yes,169.19,,
METALLOCENE,METALLOCENE NONSLIP,FK2715,BOROUGE,,No,,,
METALLOCENE,METALLOCENE NONSLIP,FK2719,BOROUGE,,No,,,
METALLOCENE,METALLOCENE NONSLIP,4470G,DOW,,No,,,
METALLOCENE,METALLOCENE NONSLIP,5400G,DOW,METALLOCENE NONSLIP 5400G - DOW,Yes,157.55,,
METALLOCENE,METALLOCENE NONSLIP,5400GS,DOW,,No,,,
METALLOCENE,METALLOCENE NONSLIP,5815,DOW,,No,,,
METALLOCENE,METALLOCENE NONSLIP,6112S,DOW,,No,,,
METALLOCENE,METALLOCENE NONSLIP,89770.00,DOW,,No,,,
METALLOCENE,METALLOCENE NONSLIP,AT6410,DOW,,No,,,
METALLOCENE,METALLOCENE NONSLIP,TH61,DOW,,No,,,
METALLOCENE,METALLOCENE NONSLIP,XUS89770.00,DOW,,No,,,
METALLOCENE,METALLOCENE NONSLIP,XUS89770.03,DOW,METALLOCENE NONSLIP XUS89770.03 - DOW,Yes,152.55,,
METALLOCENE,METALLOCENE NONSLIP,0327.RA,ENABLE,,No,,,
METALLOCENE,METALLOCENE NONSLIP,1617RA,ENABLE,,No,,,
METALLOCENE,METALLOCENE NONSLIP,2005MC,ENABLE,METALLOCENE NONSLIP 2005MC - ENABLE,Yes,166.29,,
METALLOCENE,METALLOCENE NONSLIP,2703RA,ENABLE,,No,,,
METALLOCENE,METALLOCENE NONSLIP,2705MC,ENABLE,,No,,,
METALLOCENE,METALLOCENE NONSLIP,4009MC,ENABLE,,No,,,
METALLOCENE,METALLOCENE NONSLIP,SP1510,EVOLUE,,No,,,
METALLOCENE,METALLOCENE NONSLIP,SP1510H,EVOLUE,,No,,,
METALLOCENE,METALLOCENE NONSLIP,SP1520,EVOLUE,,No,,,
METALLOCENE,METALLOCENE NONSLIP,0216.ML,EXXON,,No,,,
METALLOCENE,METALLOCENE NONSLIP,0216.MQ,EXXON,,No,,,
METALLOCENE,METALLOCENE NONSLIP,0216.RA,EXXON,,No,,,
METALLOCENE,METALLOCENE NONSLIP,0238.MC,EXXON,,No,,,
METALLOCENE,METALLOCENE NONSLIP,0238.RA,EXXON,,No,,,
METALLOCENE,METALLOCENE NONSLIP,0322.MC,EXXON,METALLOCENE NONSLIP 0322.MC - EXXON,Yes,175.55,,
METALLOCENE,METALLOCENE NONSLIP,0322.RA,EXXON,,No,,,
METALLOCENE,METALLOCENE NONSLIP,0327.MC,EXXON,METALLOCENE NONSLIP 0327.MC - EXXON,Yes,175.55,,
METALLOCENE,METALLOCENE NONSLIP,0516.ML,EXXON,,No,,,
METALLOCENE,METALLOCENE NONSLIP,0520.MC,EXXON,,No,,,
METALLOCENE,METALLOCENE NONSLIP,0520.RA,EXXON,,No,,,
METALLOCENE,METALLOCENE NONSLIP,0527.MC,EXXON,,No,,,
METALLOCENE,METALLOCENE NONSLIP,0527.RA,EXXON,,No,,,
METALLOCENE,METALLOCENE NONSLIP,0533.MQ,EXXON,,No,,,
METALLOCENE,METALLOCENE NONSLIP,0814.ML,EXXON,METALLOCENE NONSLIP 0814.ML - EXXON,Yes,162.35,,
METALLOCENE,METALLOCENE NONSLIP,0820.ML,EXXON,,No,,,
METALLOCENE,METALLOCENE NONSLIP,0820.RL,EXXON,,No,,,
METALLOCENE,METALLOCENE NONSLIP,0926.ML,EXXON,,No,,,
METALLOCENE,METALLOCENE NONSLIP,0938.MC,EXXON,,No,,,
METALLOCENE,METALLOCENE NONSLIP,1012MA,EXXON,,No,,,
METALLOCENE,METALLOCENE NONSLIP,1015MA,EXXON,METALLOCENE NONSLIP 1015MA - EXXON,Yes,156.90,,
METALLOCENE,METALLOCENE NONSLIP,1018HA,EXXON,,No,,,
METALLOCENE,METALLOCENE NONSLIP,1018MA,EXXON,METALLOCENE NONSLIP 1018MA - EXXON,Yes,154.50,,
METALLOCENE,METALLOCENE NONSLIP,1018RA,EXXON,METALLOCENE NONSLIP 1018RA - EXXON,Yes,153.55,,
METALLOCENE,METALLOCENE NONSLIP,1019.ML,EXXON,,No,,,
METALLOCENE,METALLOCENE NONSLIP,1020.CB,EXXON,,No,,,
METALLOCENE,METALLOCENE NONSLIP,1020.MA,EXXON,,No,,,
METALLOCENE,METALLOCENE NONSLIP,1020MA,EXXON,,No,,,
METALLOCENE,METALLOCENE NONSLIP,1327MA,EXXON,,No,,,
METALLOCENE,METALLOCENE NONSLIP,1327RA,EXXON,,No,,,
METALLOCENE,METALLOCENE NONSLIP,1518MA,EXXON,,No,,,
METALLOCENE,METALLOCENE NONSLIP,1716.PA,EXXON,,No,,,
METALLOCENE,METALLOCENE NONSLIP,1716.RA,EXXON,,No,,,
METALLOCENE,METALLOCENE NONSLIP,2010CB,EXXON,,No,,,
METALLOCENE,METALLOCENE NONSLIP,2010MA,EXXON,,No,,,
METALLOCENE,METALLOCENE NONSLIP,2010PA,EXXON,,No,,,
METALLOCENE,METALLOCENE NONSLIP,2012.MA,EXXON,,No,,,
METALLOCENE,METALLOCENE NONSLIP,2018MA,EXXON,,No,,,
METALLOCENE,METALLOCENE NONSLIP,2025.ML,EXXON,,No,,,
METALLOCENE,METALLOCENE NONSLIP,2025.MR,EXXON,,No,,,
METALLOCENE,METALLOCENE NONSLIP,2203MC,EXXON,,No,,,
METALLOCENE,METALLOCENE NONSLIP,2703MC,EXXON,,No,,,
METALLOCENE,METALLOCENE NONSLIP,3305MQ,EXXON,,No,,,
METALLOCENE,METALLOCENE NONSLIP,3518CB,EXXON,METALLOCENE NONSLIP 3518CB - EXXON,Yes,156.55,,
METALLOCENE,METALLOCENE NONSLIP,3518CB-OFFGRADE,EXXON,,No,,,
METALLOCENE,METALLOCENE NONSLIP,3518CN,EXXON,,No,,,
METALLOCENE,METALLOCENE NONSLIP,3518PA,EXXON,,No,,,
METALLOCENE,METALLOCENE NONSLIP,3527.PA,EXXON,,No,,,
METALLOCENE,METALLOCENE NONSLIP,3812.CB,EXXON,,No,,,
METALLOCENE,METALLOCENE NONSLIP,3812PA,EXXON,,No,,,
METALLOCENE,METALLOCENE NONSLIP,4002MC,EXXON,METALLOCENE NONSLIP 4002MC - EXXON,Yes,172.55,,
METALLOCENE,METALLOCENE NONSLIP,4518PA,EXXON,,No,,,
METALLOCENE,METALLOCENE NONSLIP,4536.PA,EXXON,,No,,,
METALLOCENE,METALLOCENE NONSLIP,6026ML,EXXON,,No,,,
METALLOCENE,METALLOCENE NONSLIP,6026MQ,EXXON,,No,,,
METALLOCENE,METALLOCENE NONSLIP,8318ML,EXXON,,No,,,
METALLOCENE,METALLOCENE NONSLIP,8346CB,EXXON,,No,,,
METALLOCENE,METALLOCENE NONSLIP,8358ML,EXXON,,No,,,
METALLOCENE,METALLOCENE NONSLIP,8656ML,EXXON,METALLOCENE NONSLIP 8656ML - EXXON,Yes,158.55,,
METALLOCENE,METALLOCENE NONSLIP,8784ML,EXXON,METALLOCENE NONSLIP 8784ML - EXXON,Yes,164.08,,
METALLOCENE,METALLOCENE NONSLIP,9243ML,EXXON,,No,,,
METALLOCENE,METALLOCENE NONSLIP,9272ML,EXXON,,No,,,
METALLOCENE,METALLOCENE NONSLIP,9272RL,EXXON,,No,,,
METALLOCENE,METALLOCENE NONSLIP,M0518.MJ,EXXON,,No,,,
METALLOCENE,METALLOCENE NONSLIP,M0518.ML,EXXON,,No,,,
METALLOCENE,METALLOCENE NONSLIP,M0518.RL,EXXON,,No,,,
METALLOCENE,METALLOCENE NONSLIP,M1012MA,EXXON,,No,,,
METALLOCENE,METALLOCENE NONSLIP,M1015MA,EXXON,,No,,,
METALLOCENE,METALLOCENE NONSLIP,M2012.MA,EXXON,,No,,,
METALLOCENE,METALLOCENE NONSLIP,MF18A010U,GAIL,,No,,,
METALLOCENE,METALLOCENE NONSLIP,LL7810A,GC,,No,,,
METALLOCENE,METALLOCENE NONSLIP,LL7835A,GC,,No,,,
METALLOCENE,METALLOCENE NONSLIP,NONPRIME,HILENE,,No,,,
METALLOCENE,METALLOCENE NONSLIP,OFFGRADE-PLAINBAGS,HILENE,,No,,,
METALLOCENE,METALLOCENE NONSLIP,F0115LM,HMEL,METALLOCENE NONSLIP F0115LM - HMEL,Yes,155.61,,
METALLOCENE,METALLOCENE NONSLIP,F0118LM,HMEL,METALLOCENE NONSLIP F0118LM - HMEL,Yes,154.08,,
METALLOCENE,METALLOCENE NONSLIP,F0418LM,HMEL,METALLOCENE NONSLIP F0418LM - HMEL,Yes,152.98,,
METALLOCENE,METALLOCENE NONSLIP,F338LME,HMEL,,No,,,
METALLOCENE,METALLOCENE NONSLIP,F814LMV,HMEL,,No,,,
METALLOCENE,METALLOCENE NONSLIP,OGLLLM-OG,HMEL,,No,,,
METALLOCENE,METALLOCENE NONSLIP,HP1018BN,LG,,No,,,
METALLOCENE,METALLOCENE NONSLIP,HP3518CN,LG,,No,,,
METALLOCENE,METALLOCENE NONSLIP,D139,MARLEX,,No,,,
METALLOCENE,METALLOCENE NONSLIP,7118A,SABIC,METALLOCENE NONSLIP 7118A - SABIC,Yes,153.55,,
METALLOCENE,METALLOCENE NONSLIP,7358A,SABIC,,No,,,
METALLOCENE,METALLOCENE NONSLIP,M1810EP,TOTAL,,No,,,
METALLOCENE,METALLOCENE SLIP,410F,BAMBERGER,,No,,,
METALLOCENE,METALLOCENE SLIP,FK1826,BOROUGE,,No,,,
METALLOCENE,METALLOCENE SLIP,FK1828,BOROUGE,,No,,,
METALLOCENE,METALLOCENE SLIP,FK1828-NONPRIME,BOROUGE,,No,,,
METALLOCENE,METALLOCENE SLIP,FK2719-OFFGRADE,BOROUGE,,No,,,
METALLOCENE,METALLOCENE SLIP,FK2719-OFFGRADE(PLAINBAG),BOROUGE,,No,,,
METALLOCENE,METALLOCENE SLIP,UF1810MT,CHANDRA,,No,,,
METALLOCENE,METALLOCENE SLIP,2645.11GY,DOW,,No,,,
METALLOCENE,METALLOCENE SLIP,4052G,DOW,METALLOCENE SLIP 4052G - DOW,Yes,159.70,,
METALLOCENE,METALLOCENE SLIP,5401G,DOW,METALLOCENE SLIP 5401G - DOW,Yes,165.75,,
METALLOCENE,METALLOCENE SLIP,5401GT,DOW,METALLOCENE SLIP 5401GT - DOW,Yes,158.75,,
METALLOCENE,METALLOCENE SLIP,89770.05,DOW,,No,,,
METALLOCENE,METALLOCENE SLIP,AT6900,DOW,,No,,,
METALLOCENE,METALLOCENE SLIP,TH60,DOW,,No,,,
METALLOCENE,METALLOCENE SLIP,XUS59999.44,DOW,,No,,,
METALLOCENE,METALLOCENE SLIP,XUS59999.68,DOW,,No,,,
METALLOCENE,METALLOCENE SLIP,XUS89770.05,DOW,,No,,,
METALLOCENE,METALLOCENE SLIP,2005ME,ENABLE,METALLOCENE SLIP 2005ME - ENABLE,Yes,169.75,,
METALLOCENE,METALLOCENE SLIP,SP0510,EVOLUE,,No,,,
METALLOCENE,METALLOCENE SLIP,SP1071C,EVOLUE,,No,,,
METALLOCENE,METALLOCENE SLIP,SP1510HA,EVOLUE,,No,,,
METALLOCENE,METALLOCENE SLIP,SP2040,EVOLUE,,No,,,
METALLOCENE,METALLOCENE SLIP,0516.MK,EXXON,,No,,,
METALLOCENE,METALLOCENE SLIP,0520.ME,EXXON,,No,,,
METALLOCENE,METALLOCENE SLIP,0520.RE,EXXON,,No,,,
METALLOCENE,METALLOCENE SLIP,0814.MK(8784MK),EXXON,METALLOCENE SLIP 0814.MK(8784MK) - EXXON,Yes,159.08,,
METALLOCENE,METALLOCENE SLIP,1012MK,EXXON,,No,,,
METALLOCENE,METALLOCENE SLIP,1012RK,EXXON,,No,,,
METALLOCENE,METALLOCENE SLIP,1015MK,EXXON,METALLOCENE SLIP 1015MK - EXXON,Yes,157.10,,
METALLOCENE,METALLOCENE SLIP,1015RK,EXXON,METALLOCENE SLIP 1015RK - EXXON,Yes,158.55,,
METALLOCENE,METALLOCENE SLIP,1018MB,EXXON,,No,,,
METALLOCENE,METALLOCENE SLIP,1018MF,EXXON,,No,,,
METALLOCENE,METALLOCENE SLIP,1018MK,EXXON,METALLOCENE SLIP 1018MK - EXXON,Yes,153.08,,
METALLOCENE,METALLOCENE SLIP,1018RK,EXXON,METALLOCENE SLIP 1018RK - EXXON,Yes,158.75,,
METALLOCENE,METALLOCENE SLIP,1020.ME,EXXON,,No,,,
METALLOCENE,METALLOCENE SLIP,1020.RE,EXXON,,No,,,
METALLOCENE,METALLOCENE SLIP,1327MD,EXXON,,No,,,
METALLOCENE,METALLOCENE SLIP,2008MK,EXXON,,No,,,
METALLOCENE,METALLOCENE SLIP,2010ME,EXXON,,No,,,
METALLOCENE,METALLOCENE SLIP,2012.MK,EXXON,,No,,,
METALLOCENE,METALLOCENE SLIP,2018MB,EXXON,,No,,,
METALLOCENE,METALLOCENE SLIP,8358MJ,EXXON,,No,,,
METALLOCENE,METALLOCENE SLIP,8656MK,EXXON,,No,,,
METALLOCENE,METALLOCENE SLIP,8784MK,EXXON,METALLOCENE SLIP 8784MK - EXXON,Yes,157.78,,
METALLOCENE,METALLOCENE SLIP,8784RK,EXXON,,No,,,
METALLOCENE,METALLOCENE SLIP,M0814.RK,EXXON,,No,,,
METALLOCENE,METALLOCENE SLIP,M1012MK,EXXON,,No,,,
METALLOCENE,METALLOCENE SLIP,M1012RK,EXXON,,No,,,
METALLOCENE,METALLOCENE SLIP,M1015MK,EXXON,,No,,,
METALLOCENE,METALLOCENE SLIP,M1015RK,EXXON,,No,,,
METALLOCENE,METALLOCENE SLIP,M2012.MK,EXXON,,No,,,
METALLOCENE,METALLOCENE SLIP,MF18S010A,GAIL,,No,,,
METALLOCENE,METALLOCENE SLIP,LL7810D,GC,,No,,,
METALLOCENE,METALLOCENE SLIP,F0116LM,HMEL,METALLOCENE SLIP F0116LM - HMEL,Yes,156.31,,
METALLOCENE,METALLOCENE SLIP,F0120LM,HMEL,METALLOCENE SLIP F0120LM - HMEL,Yes,153.44,,
METALLOCENE,METALLOCENE SLIP,F0220LM,HMEL,METALLOCENE SLIP F0220LM - HMEL,Yes,153.68,,
METALLOCENE,METALLOCENE SLIP,F815LMV,HMEL,METALLOCENE SLIP F815LMV - HMEL,Yes,154.17,,
METALLOCENE,METALLOCENE SLIP,N120LM-NONPRIME,HMEL,METALLOCENE SLIP N120LM-NONPRIME - HMEL,Yes,152.25,,
METALLOCENE,METALLOCENE SLIP,OGLLHS-OFFGRADE - HMEL,HMEL,METALLOCENE SLIP OGLLHS-OFFGRADE - HMEL,Yes,140.20,,
METALLOCENE,METALLOCENE SLIP,OGLLLM-OFFGRADE,HMEL,METALLOCENE SLIP OGLLLM-OFFGRADE - HMEL,Yes,145.68,,
METALLOCENE,METALLOCENE SLIP,D139FK,MARLEX,,No,,,
METALLOCENE,METALLOCENE SLIP,7118LA,SABIC,METALLOCENE SLIP 7118LA - SABIC,Yes,154.75,,
METALLOCENE,METALLOCENE SLIP,M1811-PCE,TOTAL,,No,,,
MIBK,SOLVENTS_BARREL,MIBK_IMPORTED_BARREL_,IMP,MIBK PURE MIBK_IMPORTED_BARREL_ - IMP,Yes,172.70,,
MIX_XYLENE,SOLVENTS_BARREL,MIX_XYLENE_BARRELS,IMP,MIX_XYLENE  MIX_XYLENE_BARRELS - IMP,Yes,143.20,,
NPA,SOLVENTS_BARREL,NPA_BARREL,IMP,NPA  NPA_BARREL - IMP,Yes,158.20,,
NPA,SOLVENTS_BARREL,NPAC_BARREL,IMP,NPAC  NPAC_BARREL - IMP,Yes,158.20,,
NYLON,NYLON 6-FILM,B33L,BASF,,No,,,
NYLON,NYLON 6-FILM,BE3335-F,BESTROY,,No,,,
NYLON,NYLON 6-FILM,J2400F,CHINA,,No,,,
NYLON,NYLON 6-FILM,NP3300(RV-3.3),FORMOSA,,No,,,
NYLON,NYLON 6-FILM,E-35,GSFC,,No,,,
NYLON,NYLON 6-FILM,E35,GSFCL,,No,,,
NYLON,NYLON 6-FILM,F35L,GSFCL,,No,,,
NYLON,NYLON 6-FILM,HP1101,SONGHAN,,No,,,
NYLON,NYLON 6-FILM,HP2201,SONGHAN,,No,,,
NYLON,NYLON 6-FILM,1022T,UBE,,No,,,
NYLON,NYLON 6-FILM,1026B4,UBE,,No,,,
NYLON,NYLON 6-MOULD,H55WC01-BPL,ADVANSIX,,No,,,
NYLON,NYLON 6-MOULD,H55WC01-BPL-NONPRIME,ADVANSIX,,No,,,
NYLON,NYLON 6-MOULD,H55ZI,ADVANSIX,,No,,,
NYLON,NYLON 6-MOULD,H55ZI-NONPRIME,ADVANSIX,,No,,,
NYLON,NYLON 6-MOULD,OG-H55WC01-3.3RV,ADVANSIX,,No,,,
NYLON,NYLON 6-MOULD,P27Z(RV-2.7),ARAMCO,,No,,,
NYLON,NYLON 6-MOULD,2001(RV-2.4),ASIA FIBRE,,No,,,
NYLON,NYLON 6-MOULD,AFC-2004(RV-2.67),ASIA FIBRE,,No,,,
NYLON,NYLON 6-MOULD,B3WG6,BASF,,No,,,
NYLON,NYLON 6-MOULD,B40LN-4RV,BASF,,No,,,
NYLON,NYLON 6-MOULD,B40LN09-4RV,BASF,,No,,,
NYLON,NYLON 6-MOULD,BE3270-2.68RV,BESTORY,,No,,,
NYLON,NYLON 6-MOULD,BE3270-2.68RV-JUMBOBAGS(820KGS),BESTORY,,No,,,
NYLON,NYLON 6-MOULD,BE3335F-3.335RV,BESTORY,,No,,,
NYLON,NYLON 6-MOULD,BE3335F-3.3RV,BESTORY,NYLON 6-EXTRUSION BE3335F-3.3RV - BESTORY,Yes,239.95,,
NYLON,NYLON 6-MOULD,BE3335F-3.3RV-JUMBO-BAG,BESTORY,NYLON 6-EXTRUSION BE3335F-3.3RV-JUMBO-BAG - BESTORY,Yes,235.25,,
NYLON,NYLON 6-MOULD,BE3335F-JUMBO-BAGG-3.3RV,BESTORY,,No,,,
NYLON,NYLON 6-MOULD,BE3250-2.45RV,BESTROY,,No,,,
NYLON,NYLON 6-MOULD,PA6-CILON-710C0033(UNFILLED-NATURAL),CALCO,,No,,,
NYLON,NYLON 6-MOULD,BR-AA-2.7RV-82OKGS-JUMBOBAGS,CHINA,,No,,,
NYLON,NYLON 6-MOULD,BR-AA-2.8RV-JUMBOBAGS,CHINA,,No,,,
NYLON,NYLON 6-MOULD,HUALU-2.7RV,CHINA,,No,,,
NYLON,NYLON 6-MOULD,J2400,CHINA,,No,,,
NYLON,NYLON 6-MOULD,SHIFENG-3.4RV,CHINA,,No,,,
NYLON,NYLON 6-MOULD,6G15300BK,DOMO,,No,,,
NYLON,NYLON 6-MOULD,6G30H2BK,DOMO,,No,,,
NYLON,NYLON 6-MOULD,6NC,DOMO,NYLON 6-MOULD 6NC - DOMO,Yes,238.81,,
NYLON,NYLON 6-MOULD,C218-V30(BLACK),DOMO,,No,,,
NYLON,NYLON 6-MOULD,K222-D,DSM,,No,,,
NYLON,NYLON 6-MOULD,K224-G6(GF30),DSM,,No,,,
NYLON,NYLON 6-MOULD,K224-HG7,DSM,,No,,,
NYLON,NYLON 6-MOULD,K224-LG6,DSM,,No,,,
NYLON,NYLON 6-MOULD,K224-PG6,DSM,,No,,,
NYLON,NYLON 6-MOULD,N24-G6(GF30),DSM,,No,,,
NYLON,NYLON 6-MOULD,SA104H1B-BLACK,DSM,,No,,,
NYLON,NYLON 6-MOULD,SB15H1BLACL951,DSM,,No,,,
NYLON,NYLON 6-MOULD,SXXIC-BLACK,DSM,,No,,,
NYLON,NYLON 6-MOULD,SXXIC-HS-NATURAL,DSM,,No,,,
NYLON,NYLON 6-MOULD,73G15L/HSL,DUPONT,,No,,,
NYLON,NYLON 6-MOULD,73G30L/HSL,DUPONT,,No,,,
NYLON,NYLON 6-MOULD,73G35L/HSL,DUPONT,,No,,,
NYLON,NYLON 6-MOULD,K222D,ENVALIOR,,No,,,
NYLON,NYLON 6-MOULD,NP2400(RV-2.4),FORMOSA,,No,,,
NYLON,NYLON 6-MOULD,NP2700,FORMOSA,,No,,,
NYLON,NYLON 6-MOULD,NP2800(RV-2.8),FORMOSA,,No,,,
NYLON,NYLON 6-MOULD,ZJ2800,FUJIAN,,No,,,
NYLON,NYLON 6-MOULD,ZJ2800-JUMBOBAGS,FUJIAN,,No,,,
NYLON,NYLON 6-MOULD,RV-2.7,GRODNO-AZOT,,No,,,
NYLON,NYLON 6-MOULD,GF15H,GSFC,,No,,,
NYLON,NYLON 6-MOULD,GF3H,GSFC,,No,,,
NYLON,NYLON 6-MOULD,M28RC,GSFC,,No,,,
NYLON,NYLON 6-MOULD,M28RC-NAT,GSFC,,No,,,
NYLON,NYLON 6-MOULD,HY-2700A(RV-2.7),HAIYANG,,No,,,
NYLON,NYLON 6-MOULD,PA6(RV-2.8),HENGYI,,No,,,
NYLON,NYLON 6-MOULD,J2700,JUHESHUN,,No,,,
NYLON,NYLON 6-MOULD,J2800Z-2.7RV-LUBRICATED,JUHESHUN,,No,,,
NYLON,NYLON 6-MOULD,KN133HRF,KOLON,,No,,,
NYLON,NYLON 6-MOULD,B1D,KUIBYSHEVAZOT,,No,,,
NYLON,NYLON 6-MOULD,GF30-HS1-03701,LOXIM,,No,,,
NYLON,NYLON 6-MOULD,MAX-GF30,MAXSUN,,No,,,
NYLON,NYLON 6-MOULD,NXMI-01NC,NEXT,,No,,,
NYLON,NYLON 6-MOULD,DR3000X_NAT,PA6 UNFILLED,,No,,,
NYLON,NYLON 6-MOULD,DR3000X_BK,PA6 UNFILLED (BLACK),,No,,,
NYLON,NYLON 6-MOULD,HERAMID-S-NER,RADICI,,No,,,
NYLON,NYLON 6-MOULD,S-HS-105,RADICI,,No,,,
NYLON,NYLON 6-MOULD,S-NER-GF030,RADICI,,No,,,
NYLON,NYLON 6-MOULD,S-NER-GF035/1K,RADICI,,No,,,
NYLON,NYLON 6-MOULD,FZ/T(PA6-2.8RV),SHANDONG,,No,,,
NYLON,NYLON 6-MOULD,SF2402,SINOLONG,,No,,,
NYLON,NYLON 6-MOULD,S2700(RV-2.7),SUMITOMO,,No,,,
NYLON,NYLON 6-MOULD,1013B,UBE,,No,,,
NYLON,NYLON 6-MOULD,1013NW8,UBE,,No,,,
NYLON,NYLON 6-MOULD,1013NW8-OFFGRADE,UBE,NYLON 6-MOULD 1013NW8-OFFGRADE - UBE,Yes,229.75,,
NYLON,NYLON 6-MOULD,1022B,UBE,,No,,,
NYLON,NYLON 6-MOULD,1022B-NONPRIME,UBE,,No,,,
NYLON,NYLON 6-MOULD,1022MT2,UBE,,No,,,
NYLON,NYLON 6-MOULD,1022MT2-NONPRIME,UBE,,No,,,
NYLON,NYLON 66-MOULD,SG115,ASAHI KASEI,,No,,,
NYLON,NYLON 66-MOULD,21SPF,ASCEND,,No,,,
NYLON,NYLON 66-MOULD,A205F,BASF,,No,,,
NYLON,NYLON 66-MOULD,C40L01,BASF,,No,,,
NYLON,NYLON 66-MOULD,DSC-201G-H6,DESLON,,No,,,
NYLON,NYLON 66-MOULD,66G30NC,DOMO,,No,,,
NYLON,NYLON 66-MOULD,66NC,DOMO,,No,,,
NYLON,NYLON 66-MOULD,S223-HG6,DSM,,No,,,
NYLON,NYLON 66-MOULD,101L NC010,DUPONT,,No,,,
NYLON,NYLON 66-MOULD,70G30HSLBK039B,DUPONT,,No,,,
NYLON,NYLON 66-MOULD,70G30HSLNC010,DUPONT,,No,,,
NYLON,NYLON 66-MOULD,70G33LNC010,DUPONT,,No,,,
NYLON,NYLON 66-MOULD,HV125AHSL_NC01,INVISTA,,No,,,
NYLON,NYLON 66-MOULD,HV125AHSL_NC01-JUMBOBAG,INVISTA,NYLON PA66 HV125AHSL_NC01-JUMBOBAG - INVISTA,Yes,274.75,,
NYLON,NYLON 66-MOULD,HV80A-NC01-3.2RV-JUMBO-BAG - INVISTA,INVISTA,NYLON PA66 HV80A-NC01-3.2RV-JUMBO-BAG - INVISTA,Yes,269.75,,
NYLON,NYLON 66-MOULD,U4820L_NAT,INVISTA,,No,,,
NYLON,NYLON 66-MOULD,MG-6130B-I-BLACK,NYTEX,,No,,,
NYLON,NYLON 66-MOULD,A-HS-164-NAT,RADICI,,No,,,
NYLON,NYLON 66-MOULD,A-NER-GF015(BLACK),RADICI,,No,,,
NYLON,NYLON 66-MOULD,A-RV150K-(BLACK),RADICI,,No,,,
NYLON,NYLON 66-MOULD,HERAMID-A-NER,RADICI,,No,,,
PBAT,PBAT,YH-801,HUBEI,,No,,,
PBAT,PBAT,TH801T,PYCNO,,No,,,
PBAT,PBAT,BT-1218,SHANDONG,,No,,,
PBT,PBT,B-2550,BASF,,No,,,
PBT,PBT,B600,ENVALIOR,,No,,,
PBT,PBT,KH2080,HENGLI,,No,,,
PBT,PBT,KH2100,HENGLI,,No,,,
PBT,PBT,KH2100-JUMBOBAGS,HENGLI,,No,,,
PBT,PBT,GX121-1IV,SINOPEC,PBT 1-IV GX121-1IV - SINOPEC,Yes,169.75,,
PBT,PBT,SPBT083,SUMILON,,No,,,
PBT,PBT,SUPBT-OFFGRADE(0.85-1.2),SUMILON,PBT  SUPBT-OFFGRADE(0.85-1.2) - SUMILON,Yes,133.45,,
PBT,PBT,SUPBT077,SUMILON,,No,,,
PBT,PBT,SUPBT080,SUMILON,,No,,,
PBT,PBT,SUPBT085,SUMILON,PBT  SUPBT085 - SUMILON,Yes,168.45,,
PBT,PBT,SUPBT090,SUMILON,,No,,,
PBT,PBT,SUPBT095,SUMILON,,No,,,
PBT,PBT,SUPBT100,SUMILON,PBT  SUPBT100 - SUMILON,Yes,168.45,,
PBT,PBT,SUPBT110,SUMILON,PBT  SUPBT110 - SUMILON,Yes,173.45,,
PBT,PBT,SUPBT120,SUMILON,PBT  SUPBT120 - SUMILON,Yes,178.45,,
PBT,PBT,SUPBT130,SUMILON,,No,,,
PBT,PBT,SUPBT140,SUMILON,,No,,,
PC,PC EXTRUSION,ET3107,COVESTRO,PC EXTRUSION ET3107 - COVESTRO,Yes,233.60,,
PC,PC EXTRUSION,ET3113,COVESTRO,,No,,,
PC,PC EXTRUSION,ET3117,COVESTRO,,No,,,
PC,PC EXTRUSION,072R,HUASHENG,PC EXTRUSION 072R - HUASHENG,Yes,230.44,,
PC,PC EXTRUSION,1303-07,LG,,No,,,
PC,PC EXTRUSION,1303HP-08,LG,,No,,,
PC,PC EXTRUSION,1060U,LOTTE,PC EXTRUSION 1060U - LOTTE,Yes,230.44,,
PC,PC EXTRUSION,1060U-JUMBOBAG-800KGS,LOTTE,,No,,,
PC,PC EXTRUSION,1070U,LOTTE,,No,,,
PC,PC EXTRUSION,PC1100,LOTTE,,No,,,
PC,PC EXTRUSION,E2000UR,MITSUBISHI,PC EXTRUSION E2000UR - MITSUBISHI,Yes,239.75,,
PC,PC EXTRUSION,PC0703,SABIC,,No,,,
PC,PC EXTRUSION,PC0703R,SABIC,,No,,,
PC,PC EXTRUSION,PC0703R-JUMBO-BAG,SABIC,PC EXTRUSION PC0703R-JUMBO-BAG - SABIC,Yes,232.60,,
PC,PC EXTRUSION,PC0703R-JUMBO800KG,SABIC,,No,,,
PC,PC EXTRUSION,PC0703R-NONPRIME,SABIC,,No,,,
PC,PC EXTRUSION,PC0703R-NONPRIME-JUMBOBAG,SABIC,,No,,,
PC,PC EXTRUSION,PC07FS-NONPRIME(800KG),SABIC,,No,,,
PC,PC EXTRUSION,907RB,SHENGTONG,,No,,,
PC,PC EXTRUSION,907UR,SHENGTONG,,No,,,
PC,PC EXTRUSION,PC-008UL1,SIBUR,,No,,,
PC,PC MOULD < 10MFI,2805,COVESTRO,,No,,,
PC,PC MOULD < 10MFI,2807,COVESTRO,PC MOULD 2807 - COVESTRO,Yes,228.60,,
PC,PC MOULD < 10MFI,2808,COVESTRO,,No,,,
PC,PC MOULD < 10MFI,3208,COVESTRO,,No,,,
PC,PC MOULD < 10MFI,HS052R,HUASHENG,,No,,,
PC,PC MOULD < 10MFI,1010F-NONPRIME,JP-CHINA,,No,,,
PC,PC MOULD < 10MFI,1303AH-22,LG,,No,,,
PC,PC MOULD < 10MFI,GN5001EF,LG,,No,,,
PC,PC MOULD < 10MFI,FD-1112L,LOTTE,,No,,,
PC,PC MOULD < 10MFI,SA-1100,LOTTE,,No,,,
PC,PC MOULD < 10MFI,SA-1220M-PRECOLOUR,LOTTE,,No,,,
PC,PC MOULD < 10MFI,LXTY1609T-11,LUXI,,No,,,
PC,PC MOULD < 10MFI,103,SABIC,,No,,,
PC,PC MOULD < 10MFI,PC0700,SABIC,,No,,,
PC,PC MOULD < 10MFI,PC0800,SABIC,,No,,,
PC,PC MOULD < 10MFI,PC4800,SABIC,,No,,,
PC,PC MOULD < 10MFI,PC5800,SABIC,,No,,,
PC,PC MOULD >16 MFI,LV20-01-BLACK,A~STAR,,No,,,
PC,PC MOULD >16 MFI,LV20-01-MILKYWHITE,A~STAR,,No,,,
PC,PC MOULD >16 MFI,2407,COVESTRO,PC MOULD 2407 - COVESTRO,Yes,233.18,,
PC,PC MOULD >16 MFI,2407(BLACK),COVESTRO,PC MOULD 2407(BLACK) - COVESTRO,Yes,269.75,,
PC,PC MOULD >16 MFI,2458,COVESTRO,,No,,,
PC,PC MOULD >16 MFI,AL2447,COVESTRO,,No,,,
PC,PC MOULD >16 MFI,IV1900R,FORMOSA IDEMITSU,,No,,,
PC,PC MOULD >16 MFI,IV1900RS-NONPRIME,FORMOSA IDEMITSU,,No,,,
PC,PC MOULD >16 MFI,HS182S,HUASHENG,,No,,,
PC,PC MOULD >16 MFI,1220,LOTTE,,No,,,
PC,PC MOULD >16 MFI,1220R,LOTTE,,No,,,
PC,PC MOULD >16 MFI,1220UR,LOTTE,PC MOULD 1220UR - LOTTE,Yes,231.18,,
PC,PC MOULD >16 MFI,LT-1220,LOTTE,,No,,,
PC,PC MOULD >16 MFI,SA-1220/W9B564,LOTTE,PC MOULD SA-1220/W9B564 - LOTTE,Yes,236.10,,
PC,PC MOULD >16 MFI,SA-1220M-W96121(ROMA-WHITE),LOTTE,,No,,,
PC,PC MOULD >16 MFI,LXTY1920T-11,LUXI,,No,,,
PC,PC MOULD >16 MFI,H2000R,MITSUBISHI,,No,,,
PC,PC MOULD >16 MFI,ML350,MITSUBISHI,,No,,,
PC,PC MOULD >16 MFI,123R-ROMAWHITE,SABIC,,No,,,
PC,PC MOULD >16 MFI,ALS02,SABIC,,No,,,
PC,PC MOULD >16 MFI,ML5221,SABIC,,No,,,
PC,PC MOULD >16 MFI,PC1800,SABIC,,No,,,
PC,PC MOULD >16 MFI,PC1800R,SABIC,,No,,,
PC,PC MOULD >16 MFI,PC1803R,SABIC,,No,,,
PC,PC MOULD >16 MFI,PC1804R,SABIC,,No,,,
PC,PC MOULD >16 MFI,PC220,SABIC,,No,,,
PC,PC MOULD >16 MFI,PC2200,SABIC,,No,,,
PC,PC MOULD >16 MFI,PC2200R,SABIC,PC MOULD PC2200R - SABIC,Yes,220.38,,
PC,PC MOULD >16 MFI,PC2203R,SABIC,,No,,,
PC,PC MOULD >16 MFI,PC-022URL1,SIBUR,,No,,,
PC,PC MOULD >16 MFI,2000EZ,TRINSEO,,No,,,
PC,PC MOULD >16 MFI,920MG,TRINSEO,,No,,,
PC,PC MOULD >16 MFI,A1227 - WANHUA,WANHUA,PC MOULD A1227 - WANHUA,Yes,234.75,,
PC,PC MOULD 10-16 MFI,2856,COVESTRO,,No,,,
PC,PC MOULD 10-16 MFI,AL2647,COVESTRO,,No,,,
PC,PC MOULD 10-16 MFI,IV2200R,FORMOSA-IDEMITSU,,No,,,
PC,PC MOULD 10-16 MFI,HC-31RT,HENGLI,,No,,,
PC,PC MOULD 10-16 MFI,HS102R,HUASHENG,,No,,,
PC,PC MOULD 10-16 MFI,HS152R,HUASHENG,,No,,,
PC,PC MOULD 10-16 MFI,1303-15,LG,,No,,,
PC,PC MOULD 10-16 MFI,1303AH-15,LG,,No,,,
PC,PC MOULD 10-16 MFI,LD7800,LG,,No,,,
PC,PC MOULD 10-16 MFI,1100UR,LOTTE,,No,,,
PC,PC MOULD 10-16 MFI,LT-1100,LOTTE,,No,,,
PC,PC MOULD 10-16 MFI,LT-1100-P01,LOTTE,,No,,,
PC,PC MOULD 10-16 MFI,SC-1100R,LOTTE,PC MOULD SC-1100R - LOTTE,Yes,241.75,,
PC,PC MOULD 10-16 MFI,S-3000UR,MITSUBISHI,PC MOULD S-3000UR - MITSUBISHI,Yes,234.75,,
PC,PC MOULD 10-16 MFI,S-3001R,MITSUBISHI,,No,,,
PC,PC MOULD 10-16 MFI,PC910,PUYANG,,No,,,
PC,PC MOULD 10-16 MFI,143R,SABIC,,No,,,
PC,PC MOULD 10-16 MFI,143R-701(BLACK),SABIC,,No,,,
PC,PC MOULD 10-16 MFI,143X-ROMAWHITE,SABIC,,No,,,
PC,PC MOULD 10-16 MFI,144R,SABIC,,No,,,
PC,PC MOULD 10-16 MFI,925A,SABIC,,No,,,
PC,PC MOULD 10-16 MFI,945U,SABIC,PC MOULD 945U - SABIC,Yes,274.75,,
PC,PC MOULD 10-16 MFI,ALS01,SABIC,,No,,,
PC,PC MOULD 10-16 MFI,C2950,SABIC,,No,,,
PC,PC MOULD 10-16 MFI,C2950-BLACK,SABIC,,No,,,
PC,PC MOULD 10-16 MFI,LS2,SABIC,,No,,,
PC,PC MOULD 10-16 MFI,PC1000,SABIC,,No,,,
PC,PC MOULD 10-16 MFI,PC1000-800KG,SABIC,,No,,,
PC,PC MOULD 10-16 MFI,PC1000R,SABIC,,No,,,
PC,PC MOULD 10-16 MFI,PC1003R,SABIC,PC MOULD PC1003R - SABIC,Yes,231.33,,
PC,PC MOULD 10-16 MFI,PC1004R,SABIC,,No,,,
PC,PC MOULD 10-16 MFI,PC1500,SABIC,,No,,,
PC,PC MOULD 10-16 MFI,PC1500-OFFGRADE,SABIC,,No,,,
PC,PC MOULD 10-16 MFI,PC15FS,SABIC,,No,,,
PC,PC MOULD 10-16 MFI,FP01,SHENGTONG,,No,,,
PC,PC MOULD 10-16 MFI,PC-010UL1,SIBUR,,No,,,
PC,PC MOULD 10-16 MFI,CH100-0R-L,SINOPEC,,No,,,
PET,PET <0.8 IV,AS19C,DHUNSERI,,No,,,
PET,PET <0.8 IV,RAMAPET-N2,INDORAMA,,No,,,
PET,PET <0.8 IV,AP0076,JBF,,No,,,
PET,PET <0.8 IV,AP0076HF,JBF,,No,,,
PET,PET <0.8 IV,WG02,OCTAL,,No,,,
PET,PET <0.8 IV,TG640S,PARS,,No,,,
PET,PET <0.8 IV,TG640SB,PARS,,No,,,
PET,PET <0.8 IV,G5761,RIL,,No,,,
PET,PET <0.8 IV,H7761,RIL,,No,,,
PET,PET <0.8 IV,232D-IM,SUMILON,,No,,,
PET,PET <0.8 IV,304D-MW,SUMILON,,No,,,
PET,PET <0.8 IV,304D-QH,SUMILON,,No,,,
PET,PET <0.8 IV,312D-HF,SUMILON,,No,,,
PET,PET <0.8 IV,FLEXPET-760,UFLEX,,No,,,
PET,PET <0.8 IV,G076A,VINAPET,,No,,,
PET,PET >0.84 IV,AS22CJ,DHUNSERI,,No,,,
PET,PET >0.84 IV,AP0089,JBF,,No,,,
PET,PET >0.84 IV,356D-TWJ,SUMILON,,No,,,
PET,PET 0.8 IV,BILLION-0.8,,PET  BILLION-0.8,Yes,140.15,,
PET,PET 0.8 IV,8816,CHINA RESOURCE,,No,,,
PET,PET 0.8 IV,CP-B80,CHIRIPAL,,No,,,
PET,PET 0.8 IV,AS20C,DHUNSERI,,No,,,
PET,PET 0.8 IV,AS20HF,DHUNSERI,,No,,,
PET,PET 0.8 IV,CB602,EASTLON,,No,,,
PET,PET 0.8 IV,CB603,EASTLON,,No,,,
PET,PET 0.8 IV,YSY101,HAINAN,,No,,,
PET,PET 0.8 IV,RAMAPET-H1,INDORAMA,,No,,,
PET,PET 0.8 IV,RAMAPET-N1,INDORAMA,PET  RAMAPET-N1 - INDORAMA,Yes,145.14,,
PET,PET 0.8 IV,AP0080,JBF,,No,,,
PET,PET 0.8 IV,S1023,JINDAL,,No,,,
PET,PET 0.8 IV,GP1,MEGHNA,,No,,,
PET,PET 0.8 IV,TAIRILIN-3802,NAN YA PLASTICS-TAIWAN,,No,,,
PET,PET 0.8 IV,GP01,OCTAL,,No,,,
PET,PET 0.8 IV,G5801,RIL,PET  G5801 - RIL,Yes,146.64,,
PET,PET 0.8 IV,SHINPET-5015W,SHINKONG,,No,,,
PET,PET 0.8 IV,5511H,SHINPET,,No,,,
PET,PET 0.8 IV,320D-GP,SUMILON,PET  320D-GP - SUMILON,Yes,143.59,,
PET,PET 0.8 IV,320D-QH,SUMILON,,No,,,
PET,PET 0.8 IV,B280,TAINAN,,No,,,
PET,PET 0.8 IV,SA135T,TPRC,PET BOTTLE SA135T - TPRC,Yes,141.65,,
PET,PET 0.8 IV,FLEXPET-800,UFLEX,,No,,,
PET,PET 0.8 IV,G080A,VINAPET,,No,,,
PET,PET 0.8 IV,WK801 - WANKAI,WANKAI,PET CP WK801 - WANKAI,Yes,143.20,,
PET,PET 0.84 IV,CP-B84,CHIRIPAL,,No,,,
PET,PET 0.84 IV,AS21CF,DHUNSERI,,No,,,
PET,PET 0.84 IV,CB606,EASTLON,,No,,,
PET,PET 0.84 IV,CB608,EASTLON,,No,,,
PET,PET 0.84 IV,FAIRDEAL-0.84IV,FAIRDEAL,,No,,,
PET,PET 0.84 IV,RAMAPET-G1,INDORAMA,,No,,,
PET,PET 0.84 IV,RAMAPET-S1,INDORAMA,PET  RAMAPET-S1 - INDORAMA,Yes,144.64,,
PET,PET 0.84 IV,AP0084,JBF,,No,,,
PET,PET 0.84 IV,AP0084FRH,JBF,,No,,,
PET,PET 0.84 IV,S1024,JINDAL,,No,,,
PET,PET 0.84 IV,GP2,MEGHNA,,No,,,
PET,PET 0.84 IV,GP02,OCTAL,,No,,,
PET,PET 0.84 IV,G5841,RIL,PET  G5841 - RIL,Yes,147.30,,
PET,PET 0.84 IV,QH5821,RIL,,No,,,
PET,PET 0.84 IV,336D-CSD,SUMILON,,No,,,
PET,PET 0.84 IV,336D-QH,SUMILON,,No,,,
PET,PET 0.84 IV,B284,TAINAN,,No,,,
PET,PET 0.84 IV,SA145T,TPRC,,No,,,
PET,PET 0.84 IV,FLEXPET-840,UFLEX,,No,,,
PET,PET 0.84 IV,G084A,VINAPET,,No,,,
PHENOL,PHENOL,DEEPAK_PHENOL_TANKER,DEEPAK,,No,,,
PLASTICIZERS,PLASTICIZERS,1000L,KLJ,,No,,,
PLASTICIZERS,PLASTICIZERS,1010,KLJ,,No,,,
PLASTICIZERS,PLASTICIZERS,1056,KLJ,,No,,,
PLASTICIZERS,PLASTICIZERS,1210,KLJ,,No,,,
PLASTICIZERS,PLASTICIZERS,7720,KLJ,,No,,,
PLASTICIZERS,PLASTICIZERS,DBP(M)-400-M,KLJ,,No,,,
PLASTICIZERS,PLASTICIZERS,DCHP,KLJ,,No,,,
PLASTICIZERS,PLASTICIZERS,DEP-200,KLJ,,No,,,
PLASTICIZERS,PLASTICIZERS,DINP-900,KLJ,,No,,,
PLASTICIZERS,PLASTICIZERS,DMP-100,KLJ,,No,,,
PLASTICIZERS,PLASTICIZERS,DNBP-400(N),KLJ,,No,,,
PLASTICIZERS,PLASTICIZERS,DOP-FG-800FG,KLJ,,No,,,
PLASTOMER,PLASTOMER,VL0005,DAELIM,,No,,,
PLASTOMER,PLASTOMER,1450-G1P,DOW,,No,,,
PLASTOMER,PLASTOMER,1881G,DOW,,No,,,
PLASTOMER,PLASTOMER,3000-DOW,DOW,,No,,,
PLASTOMER,PLASTOMER,8100G,DOW,,No,,,
PLASTOMER,PLASTOMER,GA-1900,DOW,,No,,,
PLASTOMER,PLASTOMER,GA-1950,DOW,,No,,,
PLASTOMER,PLASTOMER,PF-7266,DOW,,No,,,
PLASTOMER,PLASTOMER,PL-1850G,DOW,,No,,,
PLASTOMER,PLASTOMER,XUS-38627.00,DOW,,No,,,
PLASTOMER,PLASTOMER,5101,EXXON,,No,,,
PLASTOMER,PLASTOMER,5171,EXXON,,No,,,
PLASTOMER,PLASTOMER,9071,EXXON,,No,,,
PLASTOMER,PLASTOMER,8102L,SABIC,,No,,,
PLASTOMER,PLASTOMER,S100L,SABIC,,No,,,
PLASTOMER,PLASTOMER,021S,SK-GLOBAL,,No,,,
PLASTOMER,PLASTOMER,871,SK-GLOBAL,,No,,,
PMMA,PMMA,R2009UM,ARAMCO,,No,,,
PMMA,PMMA,CM-205,CHIMEI,,No,,,
PMMA,PMMA,SX306,CHINESE,,No,,,
PMMA,PMMA,IG840,LG,,No,,,
PMMA,PMMA,IH830,LG,,No,,,
PMMA,PMMA,IH830A,LG,,No,,,
PMMA,PMMA,IH830C,LG,,No,,,
PMMA,PMMA,VG-001,MITSUBISHI,,No,,,
PMMA,PMMA,VH-001,MITSUBISHI,PMMA MOULD VH-001 - MITSUBISHI,Yes,256.10,,
PMMA,PMMA,VHM001,MITSUBISHI,,No,,,
PMMA,PMMA,20HR,SABIC,,No,,,
PMMA,PMMA,60MS,SABIC,,No,,,
PMMA,PMMA,P20MH,SABIC,PMMA MOULD P20MH - SABIC,Yes,213.45,,
POLYOL,POLYOL,NJ-360N,JURONG,,No,,,
POLYOL,POLYOL,0434,SABIC,,No,,,
POLYOL,POLYOL,0548,SABIC,,No,,,
POLYOL,POLYOL,0656,SABIC,,No,,,
POLYOL,POLYOL,1127,SABIC,,No,,,
POM,POM,M20N,ASEP,,No,,,
POM,POM,M20N-NC01,ASEP,,No,,,
POM,POM,M20W,ASEP,,No,,,
POM,POM,N2320,BASF,POM MOULD N2320 - BASF,Yes,168.75,,
POM,POM,N2320-(1000KGS),BASF,,No,,,
POM,POM,N2321AT,BASF,,No,,,
POM,POM,N2640,BASF,,No,,,
POM,POM,W2320,BASF,,No,,,
POM,POM,CE66FC,CELANESE,,No,,,
POM,POM,CE67,CELANESE,,No,,,
POM,POM,KP20,CELANESE,POM MOULD KP20 - CELANESE,Yes,155.34,,
POM,POM,KP30,CELANESE,POM MOULD KP30 - CELANESE,Yes,155.34,,
POM,POM,M25,CELANESE,,No,,,
POM,POM,M270,CELANESE,,No,,,
POM,POM,M90,CELANESE,,No,,,
POM,POM,FM025,FORMOSA,,No,,,
POM,POM,FM090,FORMOSA,,No,,,
POM,POM,FM270,FORMOSA,,No,,,
POM,POM,HLMC90,HENGLI,,No,,,
POM,POM,HM270,HUASU,,No,,,
POM,POM,HM90-11,HUASU,,No,,,
POM,POM,(KEPITAL)F20-03,KEP,,No,,,
POM,POM,(KEPITAL)F30-03,KEP,,No,,,
POM,POM,K300,KOLON,,No,,,
POM,POM,B30,MITSUBISHI,,No,,,
POM,POM,F20-03,MITSUBISHI,,No,,,
POM,POM,F30-03,MITSUBISHI,,No,,,
POM,POM,TG20,MITSUBISHI,,No,,,
POM,POM,TG30,MITSUBISHI,POM MOULD TG30 - MITSUBISHI,Yes,156.75,,
POM,POM,DURACON-M90-44,POLYPLASTICS,,No,,,
POM,POM,NP-ZPR30,POLYPLASTICS,,No,,,
POM,POM,ZPR20,POLYPLASTICS,,No,,,
POM,POM,R900,RADICI,,No,,,
POM,POM,90S,SABIC,,No,,,
POM,POM,K90-A,TANGSHAN,,No,,,
POM,POM,K270-1,TANGSHAN ZHONGHAO,POM MOULD K270-1 - TANGSHAN ZHONGHAO,Yes,157.38,,
POM,POM,X90 - XINXINLIAN,XINXINLIAN,POM MOULD X90 - XINXINLIAN,Yes,153.75,,
POM,POM,YUNTIANHUA-M270 - YUNNIAN,YUNNIAN,POM MOULD YUNTIANHUA-M270 - YUNNIAN,Yes,159.75,,
POM,POM,YUNTIANHUA-M90 - YUNNIAN,YUNNIAN,POM MOULD YUNTIANHUA-M90 - YUNNIAN,Yes,162.75,,
PP,CPP/BOPP FILMS,RD208CF,BOROUGE,PP RANDOM RD208CF - BOROUGE,Yes,162.38,,
PP,CPP/BOPP FILMS,RD211CF,BOROUGE,PP RANDOM RD211CF - BOROUGE,Yes,164.39,,
PP,CPP/BOPP FILMS,RD265CF,BOROUGE,PP RANDOM RD265CF - BOROUGE,Yes,164.38,,
PP,CPP/BOPP FILMS,RD368CF,BOROUGE,PP RANDOM RD368CF - BOROUGE,Yes,172.38,,
PP,CPP/BOPP FILMS,J351F,HYOSUNG,,No,,,
PP,CPP/BOPP FILMS,SM461,LOTTE,,No,,,
PP,CPP/BOPP FILMS,3325M,POLIMAXX,,No,,,
PP,CPP/BOPP FILMS,FL-7642,TPC,,No,,,
PP,CPP/BOPP FILMS,FS5711,TPC,,No,,,
PP,PP CAST,3-C-30F,BASELL,,No,,,
PP,PP CAST,5C39F,BASELL,,No,,,
PP,PP CAST,RC112L,BASELL,,No,,,
PP,PP CAST,HD601CF,BOROUGE,PP CAST HD601CF - BOROUGE,Yes,159.38,,
PP,PP CAST,HD915CF,BOROUGE,,No,,,
PP,PP CAST,F08RR,HMEL,,No,,,
PP,PP CAST,F08RR1,HMEL,,No,,,
PP,PP CAST,P1070FG,IOCL,,No,,,
PP,PP CAST,4102N-NONPRIME,LUBAN,,No,,,
PP,PP CAST,HP4102M,LUBAN,,No,,,
PP,PP CAST,HP4107M,LUBAN,,No,,,
PP,PP CAST,RP4220M,LUBAN,,No,,,
PP,PP CAST,H070SG,RIL,,No,,,
PP,PP CAST,F5606,SINOPEC,,No,,,
PP,PP CAST,FL7632L,TPC,,No,,,
PP,PP FIBRE,1101S/H239G,ADVANCED,,No,,,
PP,PP FIBRE,HP462R,BASELL,,No,,,
PP,PP FIBRE,HP551R,BASELL,,No,,,
PP,PP FIBRE,HP552R,BASELL,,No,,,
PP,PP FIBRE,Y12GR,HMEL,,No,,,
PP,PP FIBRE,Y25GR,HMEL,,No,,,
PP,PP FIBRE,1200YG,IOCL,,No,,,
PP,PP FIBRE,3250MG,IOCL,,No,,,
PP,PP FIBRE,HP5101R,LUBAN,,No,,,
PP,PP FIBRE,HP5101R-NONPRIME,LUBAN,,No,,,
PP,PP FIBRE,HP5101RC,LUBAN,,No,,,
PP,PP FIBRE,HP5105R,LUBAN,,No,,,
PP,PP FIBRE,H25FBF,NATPET,,No,,,
PP,PP FIBRE,H240FG,NAYARA,,No,,,
PP,PP FIBRE,RH22U,OPAL,,No,,,
PP,PP FIBRE,RH25X,OPAL,,No,,,
PP,PP FIBRE,AS160N,RIL,,No,,,
PP,PP FIBRE,B250EG,RIL,,No,,,
PP,PP FIBRE,H110FG,RIL,,No,,,
PP,PP FIBRE,H200FG,RIL,,No,,,
PP,PP FIBRE,H230FG,RIL,,No,,,
PP,PP FIBRE,512P,SABIC,,No,,,
PP,PP FIBRE,H250FF,SIPCHEM,,No,,,
PP,PP FIBRE,H2245,TASNEE,,No,,,
PP,PP FIBRE,H2250,TASNEE,,No,,,
PP,PP LAMI,1101SC,ADVANCED,,No,,,
PP,PP LAMI,H244GX,ADVANCED,,No,,,
PP,PP LAMI,H245X,ADVANCED,PP NON-WOVEN H245X - ADVANCED,Yes,165.95,,
PP,PP LAMI,HP557R,BASEL,,No,,,
PP,PP LAMI,HP3816,BASELL,,No,,,
PP,PP LAMI,HP3842,BASELL,,No,,,
PP,PP LAMI,HP461X,BASELL,,No,,,
PP,PP LAMI,HP461Y,BASELL,,No,,,
PP,PP LAMI,HP462S,BASELL,PP NON-WOVEN HP462S - BASELL,Yes,166.95,,
PP,PP LAMI,HP561S,BASELL,,No,,,
PP,PP LAMI,HP563S,BASELL,,No,,,
PP,PP LAMI,HP568S,BASELL,,No,,,
PP,PP LAMI,MF650Y,BASELL,,No,,,
PP,PP LAMI,CP360H,BRASKEM,,No,,,
PP,PP LAMI,HS35NW,CHANDRA,,No,,,
PP,PP LAMI,LHP565S,CHINA,,No,,,
PP,PP LAMI,Y35,CHINA,,No,,,
PP,PP LAMI,Y381H,CHINA,,No,,,
PP,PP LAMI,3155,EXXON,PP LAMI 3155 - EXXON,Yes,173.70,,
PP,PP LAMI,3655E1,EXXON,PP LAMI 3655E1 - EXXON,Yes,170.75,,
PP,PP LAMI,F135,HALDIA,,No,,,
PP,PP LAMI,E25RR1,HMEL,,No,,,
PP,PP LAMI,E35RR1,HMEL,,No,,,
PP,PP LAMI,Y35GR,HMEL,,No,,,
PP,PP LAMI,Y35GR1,HMEL,PP NON-WOVEN Y35GR1 - HMEL,Yes,168.86,,
PP,PP LAMI,1350EG,IOCL,PP LAMI 1350EG - IOCL,Yes,168.35,156.97,Ex-Works
PP,PP LAMI,1350YG,IOCL,PP NON-WOVEN 1350YG - IOCL,Yes,176.92,156.97,Ex-Works
PP,PP LAMI,P1350EG,IOCL,PP LAMI P1350EG - IOCL,Yes,169.02,,
PP,PP LAMI,P1350YG,IOCL,PP NON-WOVEN P1350YG - IOCL,Yes,171.28,,
PP,PP LAMI,H7910,LG,,No,,,
PP,PP LAMI,H7912,LG,,No,,,
PP,PP LAMI,H7914,LG,,No,,,
PP,PP LAMI,HP2100S,LUBAN,,No,,,
PP,PP LAMI,HP5010R-NONPRIME,LUBAN,,No,,,
PP,PP LAMI,HY035R,MRPL,PP LAMI HY035R - MRPL,Yes,170.44,,
PP,PP LAMI,HY035R-NONPRIME,MRPL,,No,,,
PP,PP LAMI,H120FG,NAYARA,,No,,,
PP,PP LAMI,H380CG,NAYARA,,No,,,
PP,PP LAMI,H380FG,NAYARA,,No,,,
PP,PP LAMI,RH38,OPAL,PP NON-WOVEN RH38 - OPAL,Yes,166.81,157.95,Ex-Depot
PP,PP LAMI,RH38-NONPRIME,OPAL,,No,,,
PP,PP LAMI,H39S-3,PETROCHINA,,No,,,
PP,PP LAMI,1100ZC,POLIMAXX,,No,,,
PP,PP LAMI,1105RC,POLIMAXX,,No,,,
PP,PP LAMI,1105SC,POLIMAXX,PP LAMI 1105SC - POLIMAXX,Yes,167.75,,
PP,PP LAMI,H350EC,RIL,PP LAMI H350EC - RIL,Yes,169.28,158.56,Ex-Depot
PP,PP LAMI,H350EG,RIL,,No,,,
PP,PP LAMI,H350FG,RIL,PP LAMI H350FG - RIL,Yes,166.97,158.56,Ex-Depot
PP,PP LAMI,H350FH,RIL,,No,,,
PP,PP LAMI,519A,SABIC,PP NON-WOVEN 519A - SABIC,Yes,167.45,,
PP,PP LAMI,H30S,SINOPEC,,No,,,
PP,PP LAMI,YH40X,SINOPEC,,No,,,
PP,PP LAMI,H2350,TASNEE,,No,,,
PP,PP LAMI,PD701,TITAN,,No,,,
PP,PP MOULD < 9MI,H120,ADVANCED,,No,,,
PP,PP MOULD < 9MI,H217G,ADVANCED,,No,,,
PP,PP MOULD < 9MI,8020GF,BASELL,,No,,,
PP,PP MOULD < 9MI,H1850,BASELL,,No,,,
PP,PP MOULD < 9MI,H2150,BASELL,,No,,,
PP,PP MOULD < 9MI,BEC5012,BOREALIS,,No,,,
PP,PP MOULD < 9MI,HOE444-NONPRIME,BOROUGE,,No,,,
PP,PP MOULD < 9MI,1013H1,EXXON,,No,,,
PP,PP MOULD < 9MI,1063L1,EXXON,,No,,,
PP,PP MOULD < 9MI,M103,HALDIA,,No,,,
PP,PP MOULD < 9MI,M106,HALDIA,,No,,,
PP,PP MOULD < 9MI,M106-NONPRIME,HALDIA,PP MOULD M106-NONPRIME - HALDIA,Yes,152.18,,
PP,PP MOULD < 9MI,M108,HALDIA,,No,,,
PP,PP MOULD < 9MI,M06RR,HMEL,,No,,,
PP,PP MOULD < 9MI,1030MG,IOCL,,No,,,
PP,PP MOULD < 9MI,1060MG,IOCL,,No,,,
PP,PP MOULD < 9MI,P1030MG,IOCL,,No,,,
PP,PP MOULD < 9MI,P1060MG,IOCL,,No,,,
PP,PP MOULD < 9MI,XRLL-1110MG-OFFGRADE,IOCL,,No,,,
PP,PP MOULD < 9MI,6331-8,LCY,,No,,,
PP,PP MOULD < 9MI,6431,LOTTE,,No,,,
PP,PP MOULD < 9MI,6431,LOTTE,,No,,,
PP,PP MOULD < 9MI,HP2100L,LUBAN,,No,,,
PP,PP MOULD < 9MI,MH05K,OPAL,,No,,,
PP,PP MOULD < 9MI,UPPCL,OPAL,,No,,,
PP,PP MOULD < 9MI,P204-NONPRIME,PRIME POLYMER,,No,,,
PP,PP MOULD < 9MI,H020EG,RIL,,No,,,
PP,PP MOULD < 9MI,H033MG,RIL,PP MOULD H033MG - RIL,Yes,154.23,156.78,Ex-Depot
PP,PP MOULD < 9MI,H060MG,RIL,PP MOULD H060MG - RIL,Yes,154.23,156.71,Ex-Depot
PP,PP MOULD < 9MI,H060MG-NONPRIME,RIL,,No,,,
PP,PP MOULD < 9MI,570P,SABIC,,No,,,
PP,PP MOULD < 9MI,NSJ104G,VIETNAM,,No,,,
PP,PP MOULD >15MI,H134,ADVANCED,,No,,,
PP,PP MOULD >15MI,H151CX,ADVANCED,PP MOULD H151CX - ADVANCED,Yes,165.45,,
PP,PP MOULD >15MI,H154X,ADVANCED,,No,,,
PP,PP MOULD >15MI,401R,BASELL,PP MOULD 401R - BASELL,Yes,157.18,,
PP,PP MOULD >15MI,HA5029,BASELL,,No,,,
PP,PP MOULD >15MI,HM2015,BASELL,,No,,,
PP,PP MOULD >15MI,HP2833,BASELL,,No,,,
PP,PP MOULD >15MI,HP3442,BASELL,PP MOULD HP3442 - BASELL,Yes,162.75,,
PP,PP MOULD >15MI,HP400R,BASELL,,No,,,
PP,PP MOULD >15MI,HP544T,BASELL,,No,,,
PP,PP MOULD >15MI,HP648U,BASELL,,No,,,
PP,PP MOULD >15MI,HP671T,BASELL,,No,,,
PP,PP MOULD >15MI,HG385MO,BOROUGE,PP MOULD HG385MO - BOROUGE,Yes,161.15,,
PP,PP MOULD >15MI,HJ311MO,BOROUGE,,No,,,
PP,PP MOULD >15MI,HJ333MO,BOROUGE,PP MOULD HJ333MO - BOROUGE,Yes,167.10,,
PP,PP MOULD >15MI,Y40-02,BOROUGE,,No,,,
PP,PP MOULD >15MI,1014H1,EXXON,,No,,,
PP,PP MOULD >15MI,HP553R,HMC,,No,,,
PP,PP MOULD >15MI,HP640U,HMC,,No,,,
PP,PP MOULD >15MI,M18NH1,HMEL,,No,,,
PP,PP MOULD >15MI,M20CR1,HMEL,,No,,,
PP,PP MOULD >15MI,M70NR1,HMEL,PP MOULD M70NR1 - HMEL,Yes,168.18,,
PP,PP MOULD >15MI,J801,HYOSUNG,,No,,,
PP,PP MOULD >15MI,1200MAS,IOCL,,No,,,
PP,PP MOULD >15MI,1200MC,IOCL,,No,,,
PP,PP MOULD >15MI,1200MG,IOCL,,No,,,
PP,PP MOULD >15MI,P1500MG,IOCL,,No,,,
PP,PP MOULD >15MI,P1600MN,IOCL,,No,,,
PP,PP MOULD >15MI,P1750MN,IOCL,,No,,,
PP,PP MOULD >15MI,4018,KOREA,,No,,,
PP,PP MOULD >15MI,GL0043D,LCY,,No,,,
PP,PP MOULD >15MI,MH1700(METALLOCENE-BASED),LG,,No,,,
PP,PP MOULD >15MI,MH1850,LG,,No,,,
PP,PP MOULD >15MI,HP2148T,LUBAN,,No,,,
PP,PP MOULD >15MI,HP2151T,LUBAN,PP MOULD HP2151T - LUBAN,Yes,164.15,,
PP,PP MOULD >15MI,HM065AT,MRPL,PP MOULD HM065AT - MRPL,Yes,167.54,,
PP,PP MOULD >15MI,H200IG,NAYARA,,No,,,
PP,PP MOULD >15MI,MH23,OPAL,,No,,,
PP,PP MOULD >15MI,MH25N,OPAL,,No,,,
PP,PP MOULD >15MI,MH55N,OPAL,,No,,,
PP,PP MOULD >15MI,1140U,POLIMAXX,,No,,,
PP,PP MOULD >15MI,AM350N,RIL,,No,,,
PP,PP MOULD >15MI,AM650N,RIL,PP MOULD AM650N - RIL,Yes,166.58,156.99,Ex-Depot
PP,PP MOULD >15MI,AM650NSP-NONPRIME,RIL,,No,,,
PP,PP MOULD >15MI,AS12000N,RIL,,No,,,
PP,PP MOULD >15MI,AS4000N,RIL,,No,,,
PP,PP MOULD >15MI,H200MA,RIL,PP MOULD H200MA - RIL,Yes,159.81,156.28,Ex-Depot
PP,PP MOULD >15MI,H200MG,RIL,PP MOULD H200MG - RIL,Yes,169.39,154.75,Ex-Depot
PP,PP MOULD >15MI,H200MK,RIL,PP MOULD H200MK - RIL,Yes,168.81,161.61,Ex-Depot
PP,PP MOULD >15MI,H700MN,RIL,PP MOULD H700MN - RIL,Yes,166.31,,
PP,PP MOULD >15MI,5780P,SABIC,,No,,,
PP,PP MOULD >15MI,M17,SINOPEC,,No,,,
PP,PP MOULD >15MI,600IM,SIPCHEM,,No,,,
PP,PP MOULD >15MI,H4220M,TASNEE,,No,,,
PP,PP MOULD >15MI,H4260M,TASNEE,,No,,,
PP,PP MOULD 9-15MI,APC-H129,ADVANCED,PP MOULD APC-H129 - ADVANCED,Yes,156.25,,
PP,PP MOULD 9-15MI,HP150G,ARAMCO,,No,,,
PP,PP MOULD 9-15MI,HP150GK,ARAMCO,,No,,,
PP,PP MOULD 9-15MI,6301,BASELL,,No,,,
PP,PP MOULD 9-15MI,HP3817,BASELL,,No,,,
PP,PP MOULD 9-15MI,HP5001,BASELL,PP MOULD HP5001 - BASELL,Yes,155.95,,
PP,PP MOULD 9-15MI,HP500N,BASELL,PP MOULD HP500N - BASELL,Yes,156.95,,
PP,PP MOULD 9-15MI,HP602N,BASELL,,No,,,
PP,PP MOULD 9-15MI,HP602N-NONPRIME,BASELL,,No,,,
PP,PP MOULD 9-15MI,HRG-328T-NAT,BASELL,,No,,,
PP,PP MOULD 9-15MI,IH120NA,BCPL,,No,,,
PP,PP MOULD 9-15MI,IH120NA-OFFGRADE,BCPL,,No,,,
PP,PP MOULD 9-15MI,HD810MO,BOREALIS,,No,,,
PP,PP MOULD 9-15MI,HD168MO,BOROUGE,PP MOULD HD168MO - BOROUGE,Yes,161.60,,
PP,PP MOULD 9-15MI,HE125MO,BOROUGE,PP MOULD HE125MO - BOROUGE,Yes,160.25,,
PP,PP MOULD 9-15MI,HOE111-NONPRIME,BOROUGE,,No,,,
PP,PP MOULD 9-15MI,HOE222-NONPRIME,BOROUGE,PP MOULD HOE222-NONPRIME - BOROUGE,Yes,155.95,,
PP,PP MOULD 9-15MI,HOE333-NONPRIME,BOROUGE,PP MOULD HOE333-NONPRIME - BOROUGE,Yes,157.25,,
PP,PP MOULD 9-15MI,D115A,BRASKEM,,No,,,
PP,PP MOULD 9-15MI,HI10HO,CHANDRA,,No,,,
PP,PP MOULD 9-15MI,H500N,CHINA,,No,,,
PP,PP MOULD 9-15MI,UH602N,DAELIM POLY,,No,,,
PP,PP MOULD 9-15MI,1304E3,EXXON,,No,,,
PP,PP MOULD 9-15MI,1304E4,EXXON,,No,,,
PP,PP MOULD 9-15MI,1304E5,EXXON,,No,,,
PP,PP MOULD 9-15MI,1120,FORMOSA,,No,,,
PP,PP MOULD 9-15MI,K1011,FORMOSA,,No,,,
PP,PP MOULD 9-15MI,PP1080,FORMOSA,,No,,,
PP,PP MOULD 9-15MI,IHP120,GAIL,PP MOULD IHP120 - GAIL,Yes,158.18,,
PP,PP MOULD 9-15MI,IHP120-OFFGRADE,GAIL,,No,,,
PP,PP MOULD 9-15MI,M110,HALDIA,PP MOULD M110 - HALDIA,Yes,162.28,161.13,Ex-Depot
PP,PP MOULD 9-15MI,UNSTABILIZED-POWDER,HALDIA,PP MOULD UNSTABILIZED-POWDER - HALDIA,Yes,158.78,,
PP,PP MOULD 9-15MI,HJ500,HANWHA,PP MOULD HJ500 - HANWHA,Yes,154.68,,
PP,PP MOULD 9-15MI,M12RR,HMEL,PP MOULD M12RR - HMEL,Yes,158.34,,
PP,PP MOULD 9-15MI,M12RR-1,HMEL,PP MOULD M12RR-1 - HMEL,Yes,156.05,,
PP,PP MOULD 9-15MI,M12RR-OFFGRADE-OGH,HMEL,,No,,,
PP,PP MOULD 9-15MI,N12RR1-NONPRIME,HMEL,,No,,,
PP,PP MOULD 9-15MI,HM120A,HPCL,PP MOULD HM120A - HPCL,Yes,159.31,,
PP,PP MOULD 9-15MI,J700,HYOSUNG,,No,,,
PP,PP MOULD 9-15MI,J700N,HYOSUNG,,No,,,
PP,PP MOULD 9-15MI,H12Z-02,INEOS,,No,,,
PP,PP MOULD 9-15MI,1110MAS,IOCL,,No,,,
PP,PP MOULD 9-15MI,1110MG,IOCL,PP MOULD 1110MG - IOCL,Yes,158.85,,
PP,PP MOULD 9-15MI,1XLF,IOCL,,No,,,
PP,PP MOULD 9-15MI,3XHF-OFFGRADE,IOCL,PP MOULD 3XHF-OFFGRADE - IOCL,Yes,161.18,,
PP,PP MOULD 9-15MI,OFFGRADE-1XHF,IOCL,,No,,,
PP,PP MOULD 9-15MI,P1110MAS,IOCL,,No,,,
PP,PP MOULD 9-15MI,P1110MG,IOCL (PARADIP),PP MOULD P1110MG - IOCL (PARADIP),Yes,161.78,,
PP,PP MOULD 9-15MI,6331-11,LCY,,No,,,
PP,PP MOULD 9-15MI,GJ-150,LOTTE,PP MOULD GJ-150 - LOTTE,Yes,157.06,,
PP,PP MOULD 9-15MI,HP2100N,LUBAN,PP MOULD HP2100N - LUBAN,Yes,156.89,,
PP,PP MOULD 9-15MI,HP2100NN-NONPRIME,LUBAN,,No,,,
PP,PP MOULD 9-15MI,HP2106N,LUBAN,PP MOULD HP2106N - LUBAN,Yes,157.25,,
PP,PP MOULD 9-15MI,HM012CT,MRPL,,No,,,
PP,PP MOULD 9-15MI,HM012N-NONPRIME,MRPL,,No,,,
PP,PP MOULD 9-15MI,HM012T,MRPL,PP MOULD HM012T - MRPL,Yes,158.44,,
PP,PP MOULD 9-15MI,HM012T-OFFGRADE-OG1,MRPL,,No,,,
PP,PP MOULD 9-15MI,H120IG,NAYARA,PP MOULD H120IG - NAYARA,Yes,156.91,,
PP,PP MOULD 9-15MI,H120IG-NONPRIME,NAYARA,,No,,,
PP,PP MOULD 9-15MI,ULH-OFFGRADE,NAYARA,,No,,,
PP,PP MOULD 9-15MI,MH12N,OPAL,,No,,,
PP,PP MOULD 9-15MI,MH13,OPAL,PP MOULD MH13 - OPAL,Yes,158.25,153.78,Ex-Depot
PP,PP MOULD 9-15MI,MH13A,OPAL,,No,,,
PP,PP MOULD 9-15MI,PW0MH-POWDER-JUMBOBAGS,OPAL,,No,,,
PP,PP MOULD 9-15MI,1140N,PETRON,,No,,,
PP,PP MOULD 9-15MI,H500NG,PETRONAS,,No,,,
PP,PP MOULD 9-15MI,1100NK,POLIMAXX,,No,,,
PP,PP MOULD 9-15MI,K1111,POLIMAXX,PP MOULD K1111 - POLIMAXX,Yes,156.25,,
PP,PP MOULD 9-15MI,PH512,PREFCHEM,,No,,,
PP,PP MOULD 9-15MI,070G2M,REPSOL,,No,,,
PP,PP MOULD 9-15MI,AM120N,RIL,PP MOULD AM120N - RIL,Yes,155.45,154.49,Ex-Depot
PP,PP MOULD 9-15MI,H110MA,RIL,PP MOULD H110MA - RIL,Yes,159.42,155.53,Ex-Depot
PP,PP MOULD 9-15MI,H110MAS,RIL,PP MOULD H110MAS - RIL,Yes,161.68,156.53,Ex-Depot
PP,PP MOULD 9-15MI,H110MG,RIL,PP MOULD H110MG - RIL,Yes,156.89,154.75,Ex-Depot
PP,PP MOULD 9-15MI,H110MG-NONPRIME,RIL,PP MOULD H110MG-NONPRIME - RIL,Yes,155.65,,
PP,PP MOULD 9-15MI,H150MA,RIL,,No,,,
PP,PP MOULD 9-15MI,UHF-OFFGRADE,RIL,PP MOULD UHF-OFFGRADE - RIL,Yes,162.20,,
PP,PP MOULD 9-15MI,5703P,SABIC,,No,,,
PP,PP MOULD 9-15MI,5704PR,SABIC,PP MOULD 5704PR - SABIC,Yes,156.95,,
PP,PP MOULD 9-15MI,5705P,SABIC,PP MOULD 5705P - SABIC,Yes,154.95,,
PP,PP MOULD 9-15MI,5706P,SABIC,,No,,,
PP,PP MOULD 9-15MI,575P,SABIC,,No,,,
PP,PP MOULD 9-15MI,HNR100,SASOL,,No,,,
PP,PP MOULD 9-15MI,P700J,SCG,,No,,,
PP,PP MOULD 9-15MI,P700J-NONPRIME,SCG,,No,,,
PP,PP MOULD 9-15MI,H120M,SIPCHEM,,No,,,
PP,PP MOULD 9-15MI,Y101,SUMITOMO,,No,,,
PP,PP MOULD 9-15MI,H4120,TASNEE,,No,,,
PP,PP MOULD 9-15MI,6331,TITAN,,No,,,
PP,PP MOULD 9-15MI,NSJ105G,VIETNAM,PP MOULD NSJ105G - VIETNAM,Yes,158.20,,
PP,PP RAFFIA,1102K-CHNENERGY,,PP RAFFIA 1102K-CHNENERGY,Yes,149.91,,
PP,PP RAFFIA,H312-ADVANCED,,PP RAFFIA H312-ADVANCED,Yes,151.95,,
PP,PP RAFFIA,HP550J-JENNENG,,PP RAFFIA HP550J-JENNENG,Yes,149.95,,
PP,PP RAFFIA,HP30G,ARAMCO,,No,,,
PP,PP RAFFIA,HP34GQ,ARAMCO,,No,,,
PP,PP RAFFIA,HP40G,ARAMCO,,No,,,
PP,PP RAFFIA,550JB,BASELL,,No,,,
PP,PP RAFFIA,G1-RACO-OFFGRADE,BASELL,,No,,,
PP,PP RAFFIA,GRADE-1-OFFGRADE,BASELL,,No,,,
PP,PP RAFFIA,GRADE-1NONPRIME,BASELL,,No,,,
PP,PP RAFFIA,HP450JN,BASELL,PP RAFFIA HP450JN - BASELL,Yes,149.95,,
PP,PP RAFFIA,HP456J,BASELL,PP RAFFIA HP456J - BASELL,Yes,149.35,,
PP,PP RAFFIA,HP456K,BASELL,,No,,,
PP,PP RAFFIA,HP525J,BASELL,PP FILM HP525J - BASELL,Yes,153.75,,
PP,PP RAFFIA,HP525J-OFFGRADE,BASELL,,No,,,
PP,PP RAFFIA,HP748H,BASELL,,No,,,
PP,PP RAFFIA,WH034N,BCPL,,No,,,
PP,PP RAFFIA,WH034NA,BCPL,,No,,,
PP,PP RAFFIA,WH040N,BCPL,,No,,,
PP,PP RAFFIA,HC116FB,BOROUGE,,No,,,
PP,PP RAFFIA,HC402BF,BOROUGE,PP FILM HC402BF - BOROUGE,Yes,153.75,,
PP,PP RAFFIA,D036W6,BRASKEM,,No,,,
PP,PP RAFFIA,HY3.8FY,CHANDRA,,No,,,
PP,PP RAFFIA,FUND-T30S,CHINA,,No,,,
PP,PP RAFFIA,L5E89,CHINA,,No,,,
PP,PP RAFFIA,L5E89-800KG,CHINA,,No,,,
PP,PP RAFFIA,L5E89-HENGLI,CHINA,,No,,,
PP,PP RAFFIA,L5E89-QINGHAI,CHINA,,No,,,
PP,PP RAFFIA,PP-S1003,CHINA,,No,,,
PP,PP RAFFIA,T30H,CHINA,,No,,,
PP,PP RAFFIA,K8303,CHINA HENGLI,,No,,,
PP,PP RAFFIA,HP450J,DAELIM,,No,,,
PP,PP RAFFIA,YH450J-NONPRIME,DAELIM,,No,,,
PP,PP RAFFIA,1450J,DAELIM POLY,,No,,,
PP,PP RAFFIA,2822E2,EXXON,,No,,,
PP,PP RAFFIA,5032E3,EXXON,,No,,,
PP,PP RAFFIA,5032E5,EXXON,,No,,,
PP,PP RAFFIA,5722E1,EXXON,,No,,,
PP,PP RAFFIA,WHP035-OFFGRADE,GAIL,,No,,,
PP,PP RAFFIA,WHP035A,GAIL,,No,,,
PP,PP RAFFIA,R103,HALDIA,PP RAFFIA R103 - HALDIA,Yes,159.28,159.51,Ex-Depot
PP,PP RAFFIA,UNSTABILIZED-POWDER,HALDIA,,No,,,
PP,PP RAFFIA,N03RR-NONPRIME,HMEL,,No,,,
PP,PP RAFFIA,R03RR,HMEL,PP RAFFIA R03RR - HMEL,Yes,156.52,,
PP,PP RAFFIA,R03RR-OFFGRADE-OGL,HMEL,,No,,,
PP,PP RAFFIA,R03RR1,HMEL,PP RAFFIA R03RR1 - HMEL,Yes,152.31,,
PP,PP RAFFIA,HR033,HPCL,,No,,,
PP,PP RAFFIA,F501N,HYOSUNG,,No,,,
PP,PP RAFFIA,1030RG,IOCL,PP RAFFIA 1030RG - IOCL,Yes,155.35,,
PP,PP RAFFIA,P1030RG,IOCL,PP RAFFIA P1030RG - IOCL,Yes,154.23,,
PP,PP RAFFIA,P1045G,IOCL,,No,,,
PP,PP RAFFIA,GY130,LOTTE,,No,,,
PP,PP RAFFIA,Y130,LOTTE,,No,,,
PP,PP RAFFIA,1102K-NONPRIME,LUBAN,,No,,,
PP,PP RAFFIA,HP1102LC,LUBAN,,No,,,
PP,PP RAFFIA,HP1106K,LUBAN,,No,,,
PP,PP RAFFIA,HP5101LC,LUBAN,,No,,,
PP,PP RAFFIA,HGX030SP,MARLEX,PP RAFFIA HGX030SP - MARLEX,Yes,150.45,,
PP,PP RAFFIA,HR003,MRPL,PP RAFFIA HR003 - MRPL,Yes,154.02,,
PP,PP RAFFIA,HR005T,MRPL,,No,,,
PP,PP RAFFIA,H03BPMP,NATPET,,No,,,
PP,PP RAFFIA,H03ML,NATPET,,No,,,
PP,PP RAFFIA,H034EG,NAYARA,PP FILM H034EG - NAYARA,Yes,150.39,,
PP,PP RAFFIA,H036RG,NAYARA,PP RAFFIA H036RG - NAYARA,Yes,154.02,,
PP,PP RAFFIA,H036RGE,NAYARA,,No,,,
PP,PP RAFFIA,NH036RG-NONPRIME,NAYARA,,No,,,
PP,PP RAFFIA,MH03,OPAL,,No,,,
PP,PP RAFFIA,PW0RH-POWDER-JUMBOBAGS,OPAL,,No,,,
PP,PP RAFFIA,RH02Y,OPAL,,No,,,
PP,PP RAFFIA,RH03,OPAL,PP RAFFIA RH03 - OPAL,Yes,152.81,154.59,Ex-Depot
PP,PP RAFFIA,S1003,ORIENTAL,,No,,,
PP,PP RAFFIA,LHP456J,PETROCHINA,,No,,,
PP,PP RAFFIA,456JY,PETRONAS,,No,,,
PP,PP RAFFIA,HT031,QURAIN,,No,,,
PP,PP RAFFIA,AS030N,RIL,,No,,,
PP,PP RAFFIA,H020SU,RIL,,No,,,
PP,PP RAFFIA,H026SG,RIL,,No,,,
PP,PP RAFFIA,H030SG,RIL,PP RAFFIA H030SG - RIL,Yes,155.65,157.32,Ex-Depot
PP,PP RAFFIA,H045SG,RIL,,No,,,
PP,PP RAFFIA,H110FU,RIL,,No,,,
PP,PP RAFFIA,SS35N,RIL,,No,,,
PP,PP RAFFIA,ULF-OFFGRADE,RIL,PP MOULD ULF-OFFGRADE - RIL,Yes,161.20,,
PP,PP RAFFIA,5001P,SABIC,,No,,,
PP,PP RAFFIA,5002P,SABIC,,No,,,
PP,PP RAFFIA,500P,SABIC,PP RAFFIA 500P - SABIC,Yes,150.20,,
PP,PP RAFFIA,5061P,SABIC,PP RAFFIA 5061P - SABIC,Yes,148.95,,
PP,PP RAFFIA,5061PR,SABIC,PP RAFFIA 5061PR - SABIC,Yes,152.45,,
PP,PP RAFFIA,506P,SABIC,,No,,,
PP,PP RAFFIA,50G0,SABIC,,No,,,
PP,PP RAFFIA,50G1,SABIC,,No,,,
PP,PP RAFFIA,HKR102,SASOL,,No,,,
PP,PP RAFFIA,P400S,SCG,,No,,,
PP,PP RAFFIA,H030-GP3,SIBUR,,No,,,
PP,PP RAFFIA,H034EM,SIPCHEM,,No,,,
PP,PP RAFFIA,FS3011E,SUMITOMO,,No,,,
PP,PP RAFFIA,H1030,TASNEE,,No,,,
PP,PP RAFFIA,H1045,TASNEE,,No,,,
PP,PP RAFFIA,6531M,TITAN,,No,,,
PP,PP RAFFIA,PPH4060,TOTAL,,No,,,
PP,PP RAFFIA,UH450J,ULSAN,,No,,,
PP,PP RAFFIA,NSY114G,VIETNAM,PP RAFFIA NSY114G - VIETNAM,Yes,151.95,,
PP,PP RAFFIA,T3034,VIETNAM,,No,,,
PP,PP THERMO,1102J,ADVANCED,,No,,,
PP,PP THERMO,H67MP,ADVANCED,,No,,,
PP,PP THERMO,PP1102LQ,ADVANCED,PP THERMO PP1102LQ - ADVANCED,Yes,154.70,,
PP,PP THERMO,HP400H,BASELL,,No,,,
PP,PP THERMO,HP500D,BASELL,,No,,,
PP,PP THERMO,HC205TF,BOROUGE,PP THERMO HC205TF - BOROUGE,Yes,156.90,,
PP,PP THERMO,B1101,FORMOSA,,No,,,
PP,PP THERMO,T150DK,GSCALTEX,,No,,,
PP,PP THERMO,T103,HALDIA,,No,,,
PP,PP THERMO,T105N,HALDIA,,No,,,
PP,PP THERMO,HP400K,HMC,,No,,,
PP,PP THERMO,T03NR,HMEL,,No,,,
PP,PP THERMO,T05NR,HMEL,,No,,,
PP,PP THERMO,1030TC,IOCL,,No,,,
PP,PP THERMO,PT100,LCY,,No,,,
PP,PP THERMO,HP1151K,LUBAN,,No,,,
PP,PP THERMO,HT003T,MRPL,,No,,,
PP,PP THERMO,H030TN,NAYARA,,No,,,
PP,PP THERMO,EH03N,OPAL,,No,,,
PP,PP THERMO,HS030,QURAIN,,No,,,
PP,PP THERMO,H019TG,RIL,PP THERMO H019TG - RIL,Yes,174.39,157.76,Ex-Depot
PP,PP THERMO,H050MN,RIL,PP THERMO H050MN - RIL,Yes,164.39,157.45,Ex-Depot
PP,PP THERMO,528K,SABIC,,No,,,
PP,PP TQ,1128N,ADVANCED,,No,,,
PP,PP TQ,HP3435,BASELL,,No,,,
PP,PP TQ,HP520M,BASELL,,No,,,
PP,PP TQ,FH110NA,BCPL,PP TQ FH110NA - BCPL,Yes,174.38,,
PP,PP TQ,HD631CF,BOROUGE,PP TQ HD631CF - BOROUGE,Yes,171.27,,
PP,PP TQ,D218,BRASKEM,,No,,,
PP,PP TQ,HF10TQ,CHANDRA,PP TQ HF10TQ - CHANDRA,Yes,170.27,,
PP,PP TQ,F103,HALDIA,,No,,,
PP,PP TQ,F110,HALDIA,,No,,,
PP,PP TQ,F10SR,HMEL,PP TQ F10SR - HMEL,Yes,163.28,,
PP,PP TQ,F10SR,HMEL,,No,,,
PP,PP TQ,F10SR1,HMEL,PP TQ F10SR1 - HMEL,Yes,162.78,,
PP,PP TQ,HTQ100,HPCL,,No,,,
PP,PP TQ,1100FS,IOCL,,No,,,
PP,PP TQ,P1100FS,IOCL,,No,,,
PP,PP TQ,HP4128N,LUBAN,,No,,,
PP,PP TQ,HP4128N-NONPRIME,LUBAN,,No,,,
PP,PP TQ,HF010,MRPL,PP TQ HF010 - MRPL,Yes,163.15,,
PP,PP TQ,HF010,MRPL,,No,,,
PP,PP TQ,HF010-NONPRIME,MRPL,,No,,,
PP,PP TQ,110QS-NONPRIME,NAYARA,,No,,,
PP,PP TQ,H110QS,NAYARA,PP TQ H110QS - NAYARA,Yes,163.54,,
PP,PP TQ,NH110QS-NONPRIME,NAYARA,,No,,,
PP,PP TQ,FH03,OPAL,,No,,,
PP,PP TQ,FH08S,OPAL,,No,,,
PP,PP TQ,FH10S,OPAL,PP TQ FH10S - OPAL,Yes,161.28,156.08,Ex-Depot
PP,PP TQ,1126NK,POLIMAXX,,No,,,
PP,PP TQ,PPHP525W,PREFCHEM,,No,,,
PP,PP TQ,H080EY,RIL,PP TQ H080EY - RIL,Yes,163.99,156.96,Ex-Depot
PP,PP TQ,H080EY,RIL,,No,,,
PP,PP TQ,H100EY,RIL,PP TQ H100EY - RIL,Yes,164.04,156.96,Ex-Depot
PP,PP TQ,SR70N,RIL,,No,,,
PP,PP TQ,SS80N,RIL,,No,,,
PP,PP TQ,520L,SABIC,,No,,,
PP,PP TQ,P601F,SCG,,No,,,
PP,PP TQ,PD943,TITAN,,No,,,
PP,PP TQ,FL7540L,TPC,,No,,,
PP,PP TQ,FS6612L,TPC,,No,,,
PP,PP_COMPOUNDS,1520-WH-61,KLJ,,No,,,
PP,PP_COMPOUNDS,20310-NAT,KLJ,,No,,,
PP,PP-R PIPE,RA140E,BOROUGE,,No,,,
PP,PP-R PIPE,RA150E,BOROUGE,,No,,,
PP,PP-R PIPE,RCB111-NONPRIME,BOROUGE,PP RANDOM RCB111-NONPRIME - BOROUGE,Yes,149.75,,
PP,PP-R PIPE,RP01TR,HMEL,,No,,,
PP,PP-R PIPE,R200P,HYOSUNG,,No,,,
PP,PP-R PIPE,AER003N,RIL,PP RANDOM PIPE AER003N - RIL,Yes,182.81,169.01,Ex-Depot
PP,RANDOM <8MFI,RP271G,BASELL,,No,,,
PP,RANDOM <8MFI,XN125-P,BASELL,,No,,,
PP,RANDOM <8MFI,RB307MO,BOROUGE,,No,,,
PP,RANDOM <8MFI,RB707CF,BOROUGE,,No,,,
PP,RANDOM <8MFI,RD239CF-NONPRIME,BOROUGE,,No,,,
PP,RANDOM <8MFI,PP9122,EXXON,,No,,,
PP,RANDOM <8MFI,B200,HALDIA,,No,,,
PP,RANDOM <8MFI,B202S,HALDIA,,No,,,
PP,RANDOM <8MFI,RB02CR,HMEL,PP RANDOM RB02CR - HMEL,Yes,182.67,,
PP,RANDOM <8MFI,R530,HYOSUNG,,No,,,
PP,RANDOM <8MFI,R530-CN,HYOSUNG,,No,,,
PP,RANDOM <8MFI,2020EC,IOCL,,No,,,
PP,RANDOM <8MFI,SFI-841,LOTTE,,No,,,
PP,RANDOM <8MFI,SFI-842A,LOTTE,,No,,,
PP,RANDOM <8MFI,RP7204G,LUBAN,,No,,,
PP,RANDOM <8MFI,RP7248G,LUBAN,PP RANDOM RP7248G - LUBAN,Yes,159.15,,
PP,RANDOM <8MFI,ER00T-V,OPAL,,No,,,
PP,RANDOM <8MFI,ER02C-N,OPAL,,No,,,
PP,RANDOM <8MFI,AM010N,RIL,PP RANDOM EXTRUSION AM010N - RIL,Yes,167.06,153.54,Ex-Depot
PP,RANDOM <8MFI,SR20NC,RIL,PP RANDOM BLOW SR20NC - RIL,Yes,203.10,169.55,Ex-Depot
PP,RANDOM <8MFI,SR20NS,RIL,PP RANDOM BLOW SR20NS - RIL,Yes,202.65,169.52,Ex-Depot
PP,RANDOM <8MFI,4935,SABIC,,No,,,
PP,RANDOM <8MFI,P655IM,SCG,,No,,,
PP,RANDOM > 14MFI,RP348S,BASELL,,No,,,
PP,RANDOM > 14MFI,RP375R,BASELL,,No,,,
PP,RANDOM > 14MFI,RP5007K,BASELL,,No,,,
PP,RANDOM > 14MFI,RP6061,BASELL,,No,,,
PP,RANDOM > 14MFI,RF830MO,BOREALIS,,No,,,
PP,RANDOM > 14MFI,RCE111-NONPRIME,BOROUGE,,No,,,
PP,RANDOM > 14MFI,RG568MO,BOROUGE,PP RANDOM RG568MO - BOROUGE,Yes,182.25,,
PP,RANDOM > 14MFI,RH668MO,BOROUGE,PP RANDOM RH668MO - BOROUGE,Yes,179.75,,
PP,RANDOM > 14MFI,RJ466MO,BOROUGE,,No,,,
PP,RANDOM > 14MFI,RJ766MO,BOROUGE,,No,,,
PP,RANDOM > 14MFI,RJ768MO,BOROUGE,PP RANDOM RJ768MO - BOROUGE,Yes,174.33,,
PP,RANDOM > 14MFI,RJ770,HANWHA,,No,,,
PP,RANDOM > 14MFI,RP375RT,HMC,,No,,,
PP,RANDOM > 14MFI,RM30CR,HMEL,PP RANDOM RM30CR - HMEL,Yes,174.28,,
PP,RANDOM > 14MFI,RM70CR,HMEL,PP RANDOM RM70CR - HMEL,Yes,177.58,,
PP,RANDOM > 14MFI,2300MC,IOCL,,No,,,
PP,RANDOM > 14MFI,2300MX,IOCL,,No,,,
PP,RANDOM > 14MFI,MR7710,LG,,No,,,
PP,RANDOM > 14MFI,RP2248R,LUBAN,PP RANDOM RP2248R - LUBAN,Yes,181.39,,
PP,RANDOM > 14MFI,RP2251T,LUBAN,,No,,,
PP,RANDOM > 14MFI,RM6057,MOL,,No,,,
PP,RANDOM > 14MFI,R40MLC,NATPET,PP RANDOM R40MLC - NATPET,Yes,165.45,,
PP,RANDOM > 14MFI,MR20K,OPAL,,No,,,
PP,RANDOM > 14MFI,MR35K,OPAL,,No,,,
PP,RANDOM > 14MFI,MR53C,OPAL,,No,,,
PP,RANDOM > 14MFI,MN70,ORIENTAL,,No,,,
PP,RANDOM > 14MFI,3375RM,POLIMAXX,,No,,,
PP,RANDOM > 14MFI,SRM250NC,RIL,,No,,,
PP,RANDOM > 14MFI,T200MK,RIL,,No,,,
PP,RANDOM > 14MFI,PCGR40,SABIC,,No,,,
PP,RANDOM > 14MFI,PCGR40L,SABIC,,No,,,
PP,RANDOM > 14MFI,QR6711K,SABIC,,No,,,
PP,RANDOM > 14MFI,QR6731K,SABIC,,No,,,
PP,RANDOM > 14MFI,R370Y,SK-GLOBAL,,No,,,
PP,RANDOM 8-14MFI,RP348N,BASELL,,No,,,
PP,RANDOM 8-14MFI,RP348N-NONPRIME,BASELL,,No,,,
PP,RANDOM 8-14MFI,RCE222-NONPRIME,BOROUGE,,No,,,
PP,RANDOM 8-14MFI,RCE333-NONPRIME,BOROUGE,PP RANDOM RCE333-NONPRIME - BOROUGE,Yes,154.68,,
PP,RANDOM 8-14MFI,RCE444-NONPRIME,BOROUGE,,No,,,
PP,RANDOM 8-14MFI,RD239CF,BOROUGE,,No,,,
PP,RANDOM 8-14MFI,RE420MO,BOROUGE,PP RANDOM RE420MO - BOROUGE,Yes,180.75,,
PP,RANDOM 8-14MFI,RE425MO,BOROUGE,PP RANDOM RE425MO - BOROUGE,Yes,179.75,,
PP,RANDOM 8-14MFI,M212S,HALDIA,,No,,,
PP,RANDOM 8-14MFI,RC213M,HMC,,No,,,
PP,RANDOM 8-14MFI,RC221M,HMC,PP RANDOM TERPOLYMER RC221M - HMC,Yes,184.38,,
PP,RANDOM 8-14MFI,RP349N,HMC,,No,,,
PP,RANDOM 8-14MFI,RM12CR,HMEL,PP RANDOM RM12CR - HMEL,Yes,179.81,,
PP,RANDOM 8-14MFI,R601T,HYOSUNG,,No,,,
PP,RANDOM 8-14MFI,2120MC,IOCL,PP RANDOM 2120MC - IOCL,Yes,185.39,,
PP,RANDOM 8-14MFI,2120MC-NONPRIME,IOCL,,No,,,
PP,RANDOM 8-14MFI,RP2248N,LUBAN,,No,,,
PP,RANDOM 8-14MFI,MR12C,OPAL,,No,,,
PP,RANDOM 8-14MFI,R120MK,RIL,,No,,,
PP,RANDOM 8-14MFI,SRM100N-NONPRIME,RIL,PP RANDOM SRM100N-NONPRIME - RIL,Yes,171.65,,
PP,RANDOM 8-14MFI,SRM100NC,RIL,PP RANDOM SRM100NC - RIL,Yes,184.31,168.55,Ex-Depot
PP,RANDOM 8-14MFI,SRX100,RIL,PP RANDOM SRX100 - RIL,Yes,182.39,171.54,Ex-Depot
PP,RANDOM 8-14MFI,QR6701K,SABIC,,No,,,
PP,RANDOM 8-14MFI,MG033D,SIBUR,PP RANDOM MG033D - SIBUR,Yes,172.20,,
PP,RANDOM 8-14MFI,PPR7220,TOTAL,,No,,,
PP,RANDOM 8-14MFI,RP344NU,ULSAN,,No,,,
PP,VISTAMAX,3000,EXXON,PP VISTAMAXX 3000 - EXXON,Yes,215.25,,
PP,VISTAMAX,3588FL,EXXON,,No,,,
PP,VISTAMAX,3980FL,EXXON,PP VISTAMAX 3980FL - EXXON,Yes,222.25,,
PP,VISTAMAX,6102,EXXON,PP VISTAMAX 6102 - EXXON,Yes,198.25,,
PP,VISTAMAX,6102FL,EXXON,PP VISTAMAX 6102FL - EXXON,Yes,195.95,,
PP,VISTAMAX,6202,EXXON,PP VISTAMAX 6202 - EXXON,Yes,195.95,,
PP,VISTAMAX,6202FL,EXXON,,No,,,
PP,VISTAMAX,6502,EXXON,PP VISTAMAX 6502 - EXXON,Yes,200.25,,
PP,VISTAMAX,7020BF,EXXON,,No,,,
PP,VISTAMAX,8380,EXXON,,No,,,
PP,VISTAMAX,8880,EXXON,,No,,,
PP CP,PPCP >35mfi,EP2641,BASELL,,No,,,
PP CP,PPCP >35mfi,EP540V,BASELL,,No,,,
PP CP,PPCP >35mfi,EP546T,BASELL,,No,,,
PP CP,PPCP >35mfi,EP546T-NONPRIME-750KG,BASELL,,No,,,
PP CP,PPCP >35mfi,EP546U,BASELL,PP CP  EP546U - BASELL,Yes,164.18,,
PP CP,PPCP >35mfi,EP547U,BASELL,,No,,,
PP CP,PPCP >35mfi,EP548S,BASELL,PP CP  EP548S - BASELL,Yes,156.75,,
PP CP,PPCP >35mfi,EP548U,BASELL,,No,,,
PP CP,PPCP >35mfi,GRADE1-HIGHMFIOG,BASELL,,No,,,
PP CP,PPCP >35mfi,HP460U,BASELL,,No,,,
PP CP,PPCP >35mfi,BH975A1,BOROUGE,,No,,,
PP CP,PPCP >35mfi,BH975MO,BOROUGE,PP CP  BH975MO - BOROUGE,Yes,160.90,,
PP CP,PPCP >35mfi,BJ356AI,BOROUGE,,No,,,
PP CP,PPCP >35mfi,BJ368MO,BOROUGE,PP CP  BJ368MO - BOROUGE,Yes,171.81,,
PP CP,PPCP >35mfi,BJ399MO,BOROUGE,,No,,,
PP CP,PPCP >35mfi,BJ980AE,BOROUGE,,No,,,
PP CP,PPCP >35mfi,7555KNE2,EXXON,PP CP  7555KNE2 - EXXON,Yes,158.75,,
PP CP,PPCP >35mfi,7755KNE1,EXXON,PP CP  7755KNE1 - EXXON,Yes,161.45,,
PP CP,PPCP >35mfi,775KNE1,EXXON,,No,,,
PP CP,PPCP >35mfi,7935E1,EXXON,,No,,,
PP CP,PPCP >35mfi,7945E1,EXXON,,No,,,
PP CP,PPCP >35mfi,PP7585E1,EXXON,,No,,,
PP CP,PPCP >35mfi,M340,HALDIA,,No,,,
PP CP,PPCP >35mfi,M365,HALDIA,PP CP  M365 - HALDIA,Yes,164.75,168.51,Ex-Depot
PP CP,PPCP >35mfi,BI870,HANWHA,,No,,,
PP CP,PPCP >35mfi,CM40NR,HMEL,,No,,,
PP CP,PPCP >35mfi,CM40NR-NONPRIME,HMEL,,No,,,
PP CP,PPCP >35mfi,CM65NR,HMEL,PP CP  CM65NR - HMEL,Yes,161.81,,
PP CP,PPCP >35mfi,NM65NR-NONPRIME,HMEL,,No,,,
PP CP,PPCP >35mfi,3400MN,IOCL,,No,,,
PP CP,PPCP >35mfi,3550MN,IOCL,,No,,,
PP CP,PPCP >35mfi,3650MN,IOCL,,No,,,
PP CP,PPCP >35mfi,BC04ZT-NONPRIME,JPC,,No,,,
PP CP,PPCP >35mfi,M1700,LG,,No,,,
PP CP,PPCP >35mfi,EP2300V,LUBAN,,No,,,
PP CP,PPCP >35mfi,EP2348T,LUBAN,PP CP  EP2348T - LUBAN,Yes,159.90,,
PP CP,PPCP >35mfi,MI100N,OPAL,,No,,,
PP CP,PPCP >35mfi,MI44N,OPAL,,No,,,
PP CP,PPCP >35mfi,MI70N,OPAL,,No,,,
PP CP,PPCP >35mfi,BC05B,POLIMAXX,,No,,,
PP CP,PPCP >35mfi,P608T-NONPRIME,PRIME POLYMER,,No,,,
PP CP,PPCP >35mfi,OGC-7011-OFFGRADE,RAVAGO,,No,,,
PP CP,PPCP >35mfi,AMI400N,RIL,,No,,,
PP CP,PPCP >35mfi,B400MN,RIL,PP CP  B400MN - RIL,Yes,169.75,166.03,Ex-Depot
PP CP,PPCP >35mfi,B400MN-NONPRIME,RIL,,No,,,
PP CP,PPCP >35mfi,B550MN,RIL,,No,,,
PP CP,PPCP >35mfi,B650MN,RIL,PP CP  B650MN - RIL,Yes,165.56,166.03,Ex-Depot
PP CP,PPCP >35mfi,412MK49,SABIC,,No,,,
PP CP,PPCP >35mfi,513MN40,SABIC,,No,,,
PP CP,PPCP >35mfi,FPC75,SABIC,,No,,,
PP CP,PPCP >35mfi,X861T,SABIC,,No,,,
PP CP,PPCP >35mfi,P639AT,SCG,,No,,,
PP CP,PPCP >35mfi,P840J,SCG,,No,,,
PP CP,PPCP >35mfi,P840J-NONPRIME,SCG,,No,,,
PP CP,PPCP >35mfi,P842J,SCG,,No,,,
PP CP,PPCP >35mfi,X33P001J,SCG,,No,,,
PP CP,PPCP >35mfi,440HT,SIPCHEM,,No,,,
PP CP,PPCP >35mfi,C700HT,SIPCHEM,,No,,,
PP CP,PPCP >35mfi,BH3910,SK-GLOBAL,,No,,,
PP CP,PPCP >35mfi,BM3900,SK-GLOBAL,,No,,,
PP CP,PPCP >35mfi,BX3920,SK-GLOBAL,,No,,,
PP CP,PPCP 0-4mfi,EP300K,BASELL,,No,,,
PP CP,PPCP 0-4mfi,EP300L-NONPRIME,BASELL,,No,,,
PP CP,PPCP 0-4mfi,EP310D,BASELL,,No,,,
PP CP,PPCP 0-4mfi,EP310J,BASELL,,No,,,
PP CP,PPCP 0-4mfi,EP332C,BASELL,,No,,,
PP CP,PPCP 0-4mfi,BA212E,BOREALIS,,No,,,
PP CP,PPCP 0-4mfi,BC545MO,BOREALIS,,No,,,
PP CP,PPCP 0-4mfi,BCE-111-NONPRIME,BOROUGE,,No,,,
PP CP,PPCP 0-4mfi,BCE222-NONPRIME,BOROUGE,PP CP  BCE222-NONPRIME - BOROUGE,Yes,160.68,,
PP CP,PPCP 0-4mfi,BCE444-NONPRIME,BOROUGE,,No,,,
PP CP,PPCP 0-4mfi,7032E2,EXXON,,No,,,
PP CP,PPCP 0-4mfi,7032E3,EXXON,PP CP  7032E3 - EXXON,Yes,168.25,,
PP CP,PPCP 0-4mfi,3015,FORMOSA,,No,,,
PP CP,PPCP 0-4mfi,B8001,FORMOSA,,No,,,
PP CP,PPCP 0-4mfi,T8002,FORMOSA,,No,,,
PP CP,PPCP 0-4mfi,M304,HALDIA,PP CP  M304 - HALDIA,Yes,174.31,167.06,Ex-Depot
PP CP,PPCP 0-4mfi,M304-NONPRIME,HALDIA,,No,,,
PP CP,PPCP 0-4mfi,M312-NONPRIME,HALDIA,,No,,,
PP CP,PPCP 0-4mfi,UNSTABILIZED1-POWDER,HALDIA,,No,,,
PP CP,PPCP 0-4mfi,CE02RR,HMEL,PP CP  CE02RR - HMEL,Yes,172.81,,
PP CP,PPCP 0-4mfi,CM03RR,HMEL,PP CP  CM03RR - HMEL,Yes,168.81,,
PP CP,PPCP 0-4mfi,J340,HYOSUNG,,No,,,
PP CP,PPCP 0-4mfi,3030MG,IOCL,,No,,,
PP CP,PPCP 0-4mfi,4015EG,IOCL,,No,,,
PP CP,PPCP 0-4mfi,EI01N,OPAL,,No,,,
PP CP,PPCP 0-4mfi,EI02N,OPAL,,No,,,
PP CP,PPCP 0-4mfi,MI03,OPAL,,No,,,
PP CP,PPCP 0-4mfi,PPCL,OPAL,,No,,,
PP CP,PPCP 0-4mfi,AMI035N,RIL,,No,,,
PP CP,PPCP 0-4mfi,B030MG,RIL,PP CP  B030MG - RIL,Yes,169.39,164.56,Ex-Depot
PP CP,PPCP 0-4mfi,C015EG,RIL,PP CP EXTRUSION C015EG - RIL,Yes,177.23,166.03,Ex-Depot
PP CP,PPCP 0-4mfi,MI3530,RIL,PP CP  MI3530 - RIL,Yes,172.81,165.54,Ex-Depot
PP CP,PPCP 0-4mfi,MI3535,RIL,,No,,,
PP CP,PPCP 0-4mfi,N030MG-NONPRIME,RIL,PP CP  N030MG-NONPRIME - RIL,Yes,167.06,,
PP CP,PPCP 0-4mfi,55M10,SABIC,,No,,,
PP CP,PPCP 0-4mfi,B310F,SK-ENERGY,,No,,,
PP CP,PPCP 15-35mfi,EA600P,BASELL,,No,,,
PP CP,PPCP 15-35mfi,EP300R,BASELL,,No,,,
PP CP,PPCP 15-35mfi,EP548P,BASELL,PP CP  EP548P - BASELL,Yes,163.18,,
PP CP,PPCP 15-35mfi,EP548Q,BASELL,,No,,,
PP CP,PPCP 15-35mfi,BF970MO,BOROUGE,,No,,,
PP CP,PPCP 15-35mfi,8285E1,EXXON,,No,,,
PP CP,PPCP 15-35mfi,AP03B,EXXON,,No,,,
PP CP,PPCP 15-35mfi,M320,HALDIA,PP CP  M320 - HALDIA,Yes,170.39,167.81,Ex-Depot
PP CP,PPCP 15-35mfi,M325,HALDIA,,No,,,
PP CP,PPCP 15-35mfi,CM25NR,HMEL,PP CP  CM25NR - HMEL,Yes,161.81,,
PP CP,PPCP 15-35mfi,3250MN,IOCL,,No,,,
PP CP,PPCP 15-35mfi,5300MN,IOCL,,No,,,
PP CP,PPCP 15-35mfi,SM598,LOTTE,,No,,,
PP CP,PPCP 15-35mfi,EP2348R,LUBAN,,No,,,
PP CP,PPCP 15-35mfi,EP2348S,LUBAN,PP CP  EP2348S - LUBAN,Yes,152.75,,
PP CP,PPCP 15-35mfi,MI20X,OPAL,,No,,,
PP CP,PPCP 15-35mfi,MI35V,OPAL,,No,,,
PP CP,PPCP 15-35mfi,BC03B,POLIMAXX,,No,,,
PP CP,PPCP 15-35mfi,B220MN,RIL,PP CP  B220MN - RIL,Yes,169.75,165.05,Ex-Depot
PP CP,PPCP 15-35mfi,B300MN,RIL,,No,,,
PP CP,PPCP 15-35mfi,C200MN,RIL,,No,,,
PP CP,PPCP 15-35mfi,C320MN,RIL,,No,,,
PP CP,PPCP 15-35mfi,310MK10,SABIC,,No,,,
PP CP,PPCP 15-35mfi,310MK40,SABIC,PP CP  310MK40 - SABIC,Yes,155.20,,
PP CP,PPCP 15-35mfi,49MK45,SABIC,,No,,,
PP CP,PPCP 15-35mfi,P740J,SCG,,No,,,
PP CP,PPCP 15-35mfi,C160HM,SIPCHEM,,No,,,
PP CP,PPCP 15-35mfi,C300HT,SIPCHEM,,No,,,
PP CP,PPCP 15-35mfi,BX3800,SK-GLOBAL,,No,,,
PP CP,PPCP 15-35mfi,BX3820,SK-GLOBAL,,No,,,
PP CP,PPCP 15-35mfi,PPC-7642,TOTAL,,No,,,
PP CP,PPCP 4-15mfi,EP332K,BASELL,PP CP  EP332K - BASELL,Yes,163.68,,
PP CP,PPCP 4-15mfi,EP332L,BASELL,PP CP  EP332L - BASELL,Yes,161.95,,
PP CP,PPCP 4-15mfi,EP348N,BASELL,PP CP  EP348N - BASELL,Yes,165.68,,
PP CP,PPCP 4-15mfi,EP400M,BASELL,,No,,,
PP CP,PPCP 4-15mfi,EP545L,BASELL,,No,,,
PP CP,PPCP 4-15mfi,EP548L,BASELL,,No,,,
PP CP,PPCP 4-15mfi,NONPRIME(PLAINBAG),BASELL,,No,,,
PP CP,PPCP 4-15mfi,BCE333-NONPRIME,BOROUGE,,No,,,
PP CP,PPCP 4-15mfi,BD265MO,BOROUGE,PP CP  BD265MO - BOROUGE,Yes,170.81,,
PP CP,PPCP 4-15mfi,BD950MO,BOROUGE,PP CP  BD950MO - BOROUGE,Yes,161.40,,
PP CP,PPCP 4-15mfi,BE510MO,BOROUGE,,No,,,
PP CP,PPCP 4-15mfi,BE961MO,BOROUGE,PP CP  BE961MO - BOROUGE,Yes,162.95,,
PP CP,PPCP 4-15mfi,7033E3,EXXON,PP CP  7033E3 - EXXON,Yes,162.95,,
PP CP,PPCP 4-15mfi,7123KNE1,EXXON,,No,,,
PP CP,PPCP 4-15mfi,8864E1,EXXON,,No,,,
PP CP,PPCP 4-15mfi,AP3AW,EXXON,,No,,,
PP CP,PPCP 4-15mfi,AP3N,EXXON,,No,,,
PP CP,PPCP 4-15mfi,PP8864E1,EXXON,,No,,,
PP CP,PPCP 4-15mfi,M307,HALDIA,,No,,,
PP CP,PPCP 4-15mfi,M308S,HALDIA,PP CP  M308S - HALDIA,Yes,172.36,170.31,Ex-Depot
PP CP,PPCP 4-15mfi,M310,HALDIA,,No,,,
PP CP,PPCP 4-15mfi,M311T,HALDIA,,No,,,
PP CP,PPCP 4-15mfi,M312,HALDIA,PP CP  M312 - HALDIA,Yes,167.68,167.06,Ex-Depot
PP CP,PPCP 4-15mfi,M315,HALDIA,,No,,,
PP CP,PPCP 4-15mfi,BJ500,HANWHA,,No,,,
PP CP,PPCP 4-15mfi,CE06NR,HMEL,,No,,,
PP CP,PPCP 4-15mfi,CM08NR,HMEL,,No,,,
PP CP,PPCP 4-15mfi,CM10TE,HMEL,,No,,,
PP CP,PPCP 4-15mfi,CM12RE,HMEL,,No,,,
PP CP,PPCP 4-15mfi,CM12RR,HMEL,PP CP  CM12RR - HMEL,Yes,166.42,,
PP CP,PPCP 4-15mfi,NM08-NONRPRIME,HMEL,,No,,,
PP CP,PPCP 4-15mfi,OGCH-OFFGRADE,HMEL,PP CP  OGCH-OFFGRADE - HMEL,Yes,158.31,,
PP CP,PPCP 4-15mfi,J640,HYOSUNG,,No,,,
PP CP,PPCP 4-15mfi,KS607,INEOS,,No,,,
PP CP,PPCP 4-15mfi,3120MA,IOCL,,No,,,
PP CP,PPCP 4-15mfi,4080MA,IOCL,PP CP  4080MA - IOCL,Yes,169.78,163.43,Ex-Works
PP CP,PPCP 4-15mfi,4100MH,IOCL,,No,,,
PP CP,PPCP 4-15mfi,5080MG,IOCL,,No,,,
PP CP,PPCP 4-15mfi,5120MG,IOCL,,No,,,
PP CP,PPCP 4-15mfi,ST5030H,LG,,No,,,
PP CP,PPCP 4-15mfi,EP2340L,LUBAN,PP CP  EP2340L - LUBAN,Yes,160.25,,
PP CP,PPCP 4-15mfi,EP2340P,LUBAN,,No,,,
PP CP,PPCP 4-15mfi,EP2348R-NONPRIME,LUBAN,,No,,,
PP CP,PPCP 4-15mfi,EP2380M,LUBAN,PP CP  EP2380M - LUBAN,Yes,160.25,,
PP CP,PPCP 4-15mfi,EP2380M-NONPRIME,LUBAN,,No,,,
PP CP,PPCP 4-15mfi,RP4202M,LUBAN,PP CP  RP4202M - LUBAN,Yes,154.25,,
PP CP,PPCP 4-15mfi,MI08N,OPAL,,No,,,
PP CP,PPCP 4-15mfi,MI12NX,OPAL,,No,,,
PP CP,PPCP 4-15mfi,MI15,OPAL,,No,,,
PP CP,PPCP 4-15mfi,2300NC,POLIMAXX,,No,,,
PP CP,PPCP 4-15mfi,BC3N,POLIMAXX,,No,,,
PP CP,PPCP 4-15mfi,BC3N-NONPRIME,POLIMAXX,,No,,,
PP CP,PPCP 4-15mfi,P604,PRIME POLYMER,,No,,,
PP CP,PPCP 4-15mfi,B120MA,RIL,PP CP  B120MA - RIL,Yes,169.25,164.56,Ex-Depot
PP CP,PPCP 4-15mfi,C080MA,RIL,PP CP  C080MA - RIL,Yes,166.89,164.56,Ex-Depot
PP CP,PPCP 4-15mfi,C080MT,RIL,PP CP  C080MT - RIL,Yes,169.81,166.32,Ex-Depot
PP CP,PPCP 4-15mfi,C120MN,RIL,PP CP  C120MN - RIL,Yes,169.56,166.03,Ex-Depot
PP CP,PPCP 4-15mfi,D120MA,RIL,,No,,,
PP CP,PPCP 4-15mfi,N120MA-NONPRIME,RIL,PP CP  N120MA-NONPRIME - RIL,Yes,167.56,,
PP CP,PPCP 4-15mfi,36MK10R,SABIC,,No,,,
PP CP,PPCP 4-15mfi,37M10R,SABIC,,No,,,
PP CP,PPCP 4-15mfi,37MK10,SABIC,PP CP  37MK10 - SABIC,Yes,157.88,,
PP CP,PPCP 4-15mfi,37MK10R,SABIC,,No,,,
PP CP,PPCP 4-15mfi,56M65,SABIC,,No,,,
PP CP,PPCP 4-15mfi,57MNK10,SABIC,,No,,,
PP CP,PPCP 4-15mfi,76M10,SABIC,,No,,,
PP CP,PPCP 4-15mfi,P441JU,SABIC,,No,,,
PP CP,PPCP 4-15mfi,CPV340,SASOL,,No,,,
PP CP,PPCP 4-15mfi,P440J,SCG,,No,,,
PP CP,PPCP 4-15mfi,P443J,SCG,,No,,,
PP CP,PPCP 4-15mfi,P640J,SCG,,No,,,
PP CP,PPCP 4-15mfi,C070BA,SIPCHEM,,No,,,
PP CP,PPCP 4-15mfi,BH3500,SK-GLOBAL,,No,,,
PP CP,PPCP 4-15mfi,AV161,SUMITOMO,,No,,,
PP CP,PPCP 4-15mfi,AW564,SUMITOMO,,No,,,
PP CP,PPCP 4-15mfi,EM860A-OFFGRADE,SUNALLOMER,,No,,,
PP CP,PPCP 4-15mfi,AW184,TPC,,No,,,
PVC,PVC JUMBO,FJ57-JUMBO,ASAHIMAS,,No,,,
PVC,PVC JUMBO,FJ65R-JUMBO,ASAHIMAS,,No,,,
PVC,PVC JUMBO,B57-JUMBO,FORMOSA,,No,,,
PVC,PVC JUMBO,P1000-JUMBO,HANWHA,,No,,,
PVC,PVC JUMBO,P700-JUMBO,HANWHA,,No,,,
PVC,PVC JUMBO,S1001-JUMBO,KANEKA,,No,,,
PVC,PVC JUMBO,S1001ST-JUMBO,KANEKA,,No,,,
PVC,PVC JUMBO,S1007-JUMBO,KANEKA,,No,,,
PVC,PVC JUMBO,GB1150-JUMBO,KEM ONE,,No,,,
PVC,PVC JUMBO,LS100H-JUMBO,LG,,No,,,
PVC,PVC JUMBO,P-180-JUMBO,MEXICHEM,,No,,,
PVC,PVC JUMBO,225P-JUMBO,OXIVINYLS,,No,,,
PVC,PVC JUMBO,G30-HP-JUMBO,PRIMEX,,No,,,
PVC,PVC JUMBO,S6721-JUMBO,SASOL,,No,,,
PVC,PVC JUMBO,TK-1000-JUMBO,SHINETSU,,No,,,
PVC,PVC JUMBO,TK-700-JUMBO,SHINETSU,,No,,,
PVC,PVC JUMBO,SE-950-JUMBO,SHINTECH,,No,,,
PVC,PVC JUMBO,TH700-JUMBO-BAGS,TAIYO,,No,,,
PVC,PVC JUMBO,SP660-THAILAND-JUMBO,TPC,,No,,,
PVC,PVC JUMBO,PRIMEX-P225-2-JUMBO,VESTOLIT,,No,,,
PVC,PVC K57,258RB,AGC,,No,,,
PVC,PVC K57,FJ57,ASAHIMAS,PVC K57 FJ57 - ASAHIMAS,Yes,111.60,,
PVC,PVC K57,H58,CGPC,,No,,,
PVC,PVC K57,SG-8,CHEMATE,,No,,,
PVC,PVC K57,PR.057,DCW,,No,,,
PVC,PVC K57,B57,FORMOSA,PVC K57 B57 - FORMOSA,Yes,120.90,,
PVC,PVC K57,F-186,FORMOSA,PVC K57 F-186 - FORMOSA,Yes,96.90,,
PVC,PVC K57,S-57,FORMOSA,,No,,,
PVC,PVC K57,S60,FORMOSA,PVC K60 S60 - FORMOSA,Yes,117.90,,
PVC,PVC K57,P700,HANWHA,,No,,,
PVC,PVC K57,S1007,KANEKA,,No,,,
PVC,PVC K57,S1008,KANEKA,,No,,,
PVC,PVC K57,RB8010,LACOVYL,,No,,,
PVC,PVC K57,S071,LACOVYL,,No,,,
PVC,PVC K57,LS080S,LG,,No,,,
PVC,PVC K57,TL700,LG,,No,,,
PVC,PVC K57,P-180,MEXICHEM,,No,,,
PVC,PVC K57,S107,OPC,PVC K57 S107 - OPC,Yes,118.60,,
PVC,PVC K57,PR700,PRII,,No,,,
PVC,PVC K57,57BMR01,RIL,,No,,,
PVC,PVC K57,K57S,SABIC,,No,,,
PVC,PVC K57,SIP-57,SATOMO,,No,,,
PVC,PVC K57,SF580,SCG,PVC K58 SF580 - SCG,Yes,111.90,,
PVC,PVC K57,SM58S,SCG,,No,,,
PVC,PVC K57,TK-700,SHINETSU,PVC K57 TK-700 - SHINETSU,Yes,112.60,,
PVC,PVC K57,TK-800,SHINETSU,,No,,,
PVC,PVC K57,SE-650A,SHINTECH,,No,,,
PVC,PVC K57,SE-750A,SHINTECH,,No,,,
PVC,PVC K57,261RZ,SIAMVIC,,No,,,
PVC,PVC K57,S700,SINOPEC,,No,,,
PVC,PVC K57,TH700,TAIYO,,No,,,
PVC,PVC K57,TH800,TAIYO,,No,,,
PVC,PVC K57,DG700,TIANJIN,,No,,,
PVC,PVC K57,TG-700,TOSOH,,No,,,
PVC,PVC K60,F-260,FORMOSA,,No,,,
PVC,PVC K67 CARBIDE,SG5-ERDOS(GREEN-BAG),,PVC K67 SG5-ERDOS(GREEN-BAG),Yes,102.68,,
PVC,PVC K67 CARBIDE,SG5-XINFA-PAPER,,PVC K67 SG5-XINFA-PAPER,Yes,99.80,,
PVC,PVC K67 ETHYLENE,266GB,AGC,,No,,,
PVC,PVC K67 ETHYLENE,367NK,AGC,,No,,,
PVC,PVC K67 ETHYLENE,FJ65R,ASNYL,PVC K67 FJ65R - ASNYL,Yes,100.60,,
PVC,PVC K67 ETHYLENE,FJ65S,ASNYL,,No,,,
PVC,PVC K67 ETHYLENE,S6669PJ,BASHKIM,,No,,,
PVC,PVC K67 ETHYLENE,H66-LDBAG,CGPC,PVC K67 H66-LDBAG - CGPC,Yes,105.65,,
PVC,PVC K67 ETHYLENE,H66-PAPERBAG,CGPC,PVC K67 H66-PAPERBAG - CGPC,Yes,105.86,,
PVC,PVC K67 ETHYLENE,K-6701,CHEMPLAST,,No,,,
PVC,PVC K67 ETHYLENE,JL1000,CHINA,,No,,,
PVC,PVC K67 ETHYLENE,HS1000E,CHINA-HYGAIN,,No,,,
PVC,PVC K67 ETHYLENE,HS1000R,CHINA-HYGAIN,PVC K67 HS1000R - CHINA-HYGAIN,Yes,100.85,,
PVC,PVC K67 ETHYLENE,SR10A,DCM-SHRIRAM,PVC K67 SR10A - DCM-SHRIRAM,Yes,104.83,,
PVC,PVC K67 ETHYLENE,PR.065,DCW,,No,,,
PVC,PVC K67 ETHYLENE,K6701,FINOLEX,,No,,,
PVC,PVC K67 ETHYLENE,F-34,FORMOSA,,No,,,
PVC,PVC K67 ETHYLENE,S65,FORMOSA,PVC K67 S65 - FORMOSA,Yes,107.86,,
PVC,PVC K67 ETHYLENE,S65D,FORMOSA,,No,,,
PVC,PVC K67 ETHYLENE,HG1000F-NINGBO,HANWHA,,No,,,
PVC,PVC K67 ETHYLENE,P1000,HANWHA,PVC K67 P1000 - HANWHA,Yes,105.65,,
PVC,PVC K67 ETHYLENE,P1000F,HANWHA,PVC K66 P1000F - HANWHA,Yes,101.60,,
PVC,PVC K67 ETHYLENE,P1000SB,HANWHA,PVC K67 P1000SB - HANWHA,Yes,102.90,,
PVC,PVC K67 ETHYLENE,HT-1000,HENGTONG,,No,,,
PVC,PVC K67 ETHYLENE,S-1000,HUAYI,,No,,,
PVC,PVC K67 ETHYLENE,267RC,INOVYN,,No,,,
PVC,PVC K67 ETHYLENE,S6745,INOVYN,,No,,,
PVC,PVC K67 ETHYLENE,JH-1000,JIAHUA,,No,,,
PVC,PVC K67 ETHYLENE,S1001,KANEKA,,No,,,
PVC,PVC K67 ETHYLENE,S1001T,KANEKA,,No,,,
PVC,PVC K67 ETHYLENE,LS100,LG,,No,,,
PVC,PVC K67 ETHYLENE,LS100E,LG,,No,,,
PVC,PVC K67 ETHYLENE,LS100H,LG,PVC K67 LS100H - LG,Yes,102.65,,
PVC,PVC K67 ETHYLENE,LS100S,LG,,No,,,
PVC,PVC K67 ETHYLENE,LS100Y,LG,,No,,,
PVC,PVC K67 ETHYLENE,TL1000,LG BOHAI,,No,,,
PVC,PVC K67 ETHYLENE,MGI-K-6701,MEGHNA,,No,,,
PVC,PVC K67 ETHYLENE,440,MEXICHEM,,No,,,
PVC,PVC K67 ETHYLENE,P-225,MEXICHEM,,No,,,
PVC,PVC K67 ETHYLENE,P-225-2,MEXICHEM,,No,,,
PVC,PVC K67 ETHYLENE,S101,OPC,,No,,,
PVC,PVC K67 ETHYLENE,225P-LD-BAG,OXIVINYLS,,No,,,
PVC,PVC K67 ETHYLENE,225P-PAPER-BAG,OXIVINYLS,,No,,,
PVC,PVC K67 ETHYLENE,225P(CONTIPOL-PACKAGING),OXIVINYLS,,No,,,
PVC,PVC K67 ETHYLENE,PETVINILS27/R63,PETKIM,,No,,,
PVC,PVC K67 ETHYLENE,PETVINILS65/R68,PETKIM,,No,,,
PVC,PVC K67 ETHYLENE,PR1000,PHILREX,,No,,,
PVC,PVC K67 ETHYLENE,67BER01,RIL,,No,,,
PVC,PVC K67 ETHYLENE,67GER01,RIL,,No,,,
PVC,PVC K67 ETHYLENE,RIL-K6701,RIL,PVC K67 RIL-K6701 - RIL,Yes,104.83,,
PVC,PVC K67 ETHYLENE,SI67-33KG,RUSSIA,,No,,,
PVC,PVC K67 ETHYLENE,K67S,SABIC,,No,,,
PVC,PVC K67 ETHYLENE,SIP-65,SATOMO,,No,,,
PVC,PVC K67 ETHYLENE,TK-1000,SHINETSU,PVC K67 TK-1000 - SHINETSU,Yes,105.60,,
PVC,PVC K67 ETHYLENE,SE-1000,SHINTECH,,No,,,
PVC,PVC K67 ETHYLENE,SE-950,SHINTECH,,No,,,
PVC,PVC K67 ETHYLENE,266RC,SIAMVIC,PVC K67 266RC - SIAMVIC,Yes,99.60,,
PVC,PVC K67 ETHYLENE,SI67/33KG,SIBVINYL,,No,,,
PVC,PVC K67 ETHYLENE,S1000,SINOPEC,,No,,,
PVC,PVC K67 ETHYLENE,SP1000L,SP CHEMICALS,,No,,,
PVC,PVC K67 ETHYLENE,TH1000,TAIYO,PVC K67 TH1000 - TAIYO,Yes,110.90,,
PVC,PVC K67 ETHYLENE,TH1000R,TAIYO,,No,,,
PVC,PVC K67 ETHYLENE,DG1000K,TIANJIN,,No,,,
PVC,PVC K67 ETHYLENE,DG1000S,TIANJIN,,No,,,
PVC,PVC K67 ETHYLENE,TG1000S,TOSOH,,No,,,
PVC,PVC K67 ETHYLENE,SG660-THAILAND,TPC,,No,,,
PVC,PVC K67 ETHYLENE,SG660-VIETNAM,TPC,,No,,,
PVC,PVC K67 ETHYLENE,SP660-INDONESIA,TPC,,No,,,
PVC,PVC K67 ETHYLENE,SP660-THAILAND,TPC,PVC K67 SP660-THAILAND - TPC,Yes,101.90,,
PVC,PVC K67 ETHYLENE,SP660-VIETNAM,TPC,,No,,,
PVC,PVC K67 ETHYLENE,KSR67,UKRAINE,,No,,,
PVC,PVC K67 ETHYLENE,PM66R,VIETNAM,,No,,,
PVC,PVC K70,FJ-70,ASAHIMAS,,No,,,
PVC,PVC K70,H73,CGPC,,No,,,
PVC,PVC K70,HS-1300,CHINA-HYGAIN,PVC K70 HS-1300 - CHINA-HYGAIN,Yes,109.60,,
PVC,PVC K70,F-NVA,FORMOSA,,No,,,
PVC,PVC K70,S70,FORMOSA,PVC K70 S70 - FORMOSA,Yes,111.90,,
PVC,PVC K70,S70R,FORMOSA,,No,,,
PVC,PVC K70,S75,FORMOSA,,No,,,
PVC,PVC K70,P1300F,HANWHA,,No,,,
PVC,PVC K70,KS-1700,KANEKA,,No,,,
PVC,PVC K70,S1003N,KANEKA,,No,,,
PVC,PVC K70,LS130S,LG,,No,,,
PVC,PVC K70,P-250,MEXICHEM,,No,,,
PVC,PVC K70,S80,PETROBON,,No,,,
PVC,PVC K70,G30-HP,PRIMEX,,No,,,
PVC,PVC K70,1300SI,SHIN DAI-ICHI VINYL CORPORATION,,No,,,
PVC,PVC K70,TK-1300,SHINETSU,,No,,,
PVC,PVC K70,SE-1300,SHINTECH,,No,,,
PVC,PVC K70,S-1300,SINOPEC,,No,,,
PVC,PVC K70,TH1300,TAIYO,,No,,,
PVC,PVC PASTE,PR-L(PASTE),FORMOSA,,No,,,
PVC,PVC PASTE,KL-31,HANWHA,,No,,,
PVC,PVC PASTE,372NF,INOVYN,,No,,,
PVC,PVC PASTE,PB1202,LACOVYL,,No,,,
R,R_ABS,RABS10,SOURCE.RE,,No,,,
R,R_HD_BLOW,rB030EAU,Source re,,No,,,
R,R_HD_BLOW,SHBN-P,Source re,,No,,,
R,R_HDPE,rH08IR,Source re,,No,,,
R,R_HDPE,RB025EAU,SOURCE.RE,,No,,,
R,R_HDPE,RB060EAU,SOURCE.RE,,No,,,
R,R_HDPE,RB160EAU,SOURCE.RE,,No,,,
R,R_HDPE,RH040EAB,SOURCE.RE,,No,,,
R,R_HDPE,RH040EAN,SOURCE.RE,,No,,,
R,R_HDPE,RH040EAU,SOURCE.RE,,No,,,
R,R_HDPE,RH040EAW,SOURCE.RE,,No,,,
R,R_LBM,RB00EAU,SOURCE.RE,,No,,,
R,R_LBM,RB020EAU,SOURCE.RE,,No,,,
R,R_LDPE,r_LDPE_MLP,UFLEX Limited,,No,,,
R,R_MBM,RB040EAU,SOURCE.RE,,No,,,
R,R_NYLON,RN080IN,SOURCE.RE,,No,,,
R,R_PE100,RP020EAU,SOURCE.RE,,No,,,
R,R_PE100,RP030EAB,SOURCE.RE,,No,,,
R,R_PE100,RP030EAU,SOURCE.RE,,No,,,
R,R_PE63,rP080EAB,Source re,,No,,,
R,R_PE63,RP080EAB,SOURCE RE,,No,,,
R,R_PE80,rP040EAB,Source re,,No,,,
R,R_PE80,RP060EAB,SOURCE RE,,No,,,
R,R_PE80,RP040EAB,SOURCE.RE,,No,,,
R,R_PET,SPET-R76,Rungta,,No,,,
R,R_PET,SPET-R80,Rungta,,No,,,
R,R_PET,SPET-R84,Rungta,,No,,,
R,R_PET,SPET-R76,SOURCE.RE,,No,,,
R,R_PET,SPET-R80,SOURCE.RE,,No,,,
R,R_PET,SPET-R84,SOURCE.RE,,No,,,
R,R_PP,rPP050IN,Source re,,No,,,
R,R_PPCP,rB100IN,Source re,,No,,,
R,R_PPCP,rB173IW,Source re,,No,,,
R,R_PPCP,rB174IWU,Source re,,No,,,
R,R_PPCP,rCP1208IN,Source re,,No,,,
R,R_PPCP,SCPIW-SO,Source re,,No,,,
R,R_PPCP,SCPIWB-SO,Source re,,No,,,
R,R_PPCP,gPPI010W,Source.re,,No,,,
R,R_PPCP,SCPIW-P,Source.re,,No,,,
R,R_PPCP,GPPI010W,SOURCE.RE,,No,,,
R,R_PPCP,RB070IB,SOURCE.RE,,No,,,
R,R_PPCP,RB070IGY,SOURCE.RE,,No,,,
R,R_PPCP,RB070IN,SOURCE.RE,,No,,,
R,R_PPCP,RB070IW,SOURCE.RE,,No,,,
R,R_PPCP,RB100IB,SOURCE.RE,,No,,,
R,R_PPCP,RB100IW,SOURCE.RE,,No,,,
R,R_PPHP,rH080IR,Source re,,No,,,
R,R_PPHP,RH080IR,SOURCE.RE,,No,,,
RECYCLE_BASE OIL,BASE_OIL,REGULAR_RECYCLE,,RECYCLE_BASE OIL  REGULAR_RECYCLE,Yes,111.38,,
RHDPE,RHDPE_GRIND,gB020EAU,Source re,,No,,,
rLLDPE,RLLDPE,r2412FAN - Source re,Source re,rLLDPE  Film Extrusion r2412FAN - Source re,Yes,107.97,,
RPE100,RPE100,rP020EAB,Source re,,No,,,
RPE100,RPE100,rP020EAU,Source re,,No,,,
RPVC,R_PVC,RPV010EAW,SOURCE.RE,,No,,,
RPVC,R_PVC,RSPVC352B,SOURCE.RE,RPVC EXTRUSION RSPVC352B - SOURCE.RE,Yes,54.75,,
RPVC,R_PVC,RSPVC353G,SOURCE.RE,,No,,,
SAN,ABS SAN,IMS1000,BHANSALI,,No,,,
SAN,ABS SAN,PN-108L125 - CHIMEI,CHIMEI,SAN MOULD PN-108L125 - CHIMEI,Yes,214.75,,
SAN,ABS SAN,DG-AS-106,DAGU,SAN MOULD DG-AS-106 - DAGU,Yes,201.18,,
SAN,ABS SAN,AS-888,DENKA,SAN SAN AS-888 - DENKA,Yes,224.75,,
SAN,ABS SAN,AS-C-800,DENKA,,No,,,
SAN,ABS SAN,NF2200,FORMOSA,,No,,,
SAN,ABS SAN,NX3200,FORMOSA,,No,,,
SAN,ABS SAN,NX3400,FORMOSA,,No,,,
SAN,ABS SAN,CN4800,GUANGXI CHANGKE,,No,,,
SAN,ABS SAN,2300-CLEAR,INEOS,,No,,,
SAN,ABS SAN,2300-WATERCLEAR,INEOS,,No,,,
SAN,ABS SAN,KFA-130,KINGFA,,No,,,
SAN,ABS SAN,310CTR,KUMHO,SAN SAN 310CTR - KUMHO,Yes,241.18,,
SAN,ABS SAN,310TR,KUMHO,,No,,,
SAN,ABS SAN,350HW,KUMHO,,No,,,
SAN,ABS SAN,30%-GF-BLACK,PLAIN-BAGS,,No,,,
SAN,ABS SAN,30%-GF-BLUE,PLAIN-BAGS,,No,,,
SAN,ABS SAN,120PC,POLIMAXX,,No,,,
SAN,ABS SAN,120PC-NONPRIME,POLIMAXX,,No,,,
SAN,ABS SAN,121PC,POLIMAXX,,No,,,
SAN,ABS SAN,230PC-NONPRIME,POLIMAXX,,No,,,
SAN,ABS SAN,AS103,POLIMAXX,,No,,,
SAN,ABS SAN,2300_SPARKLE,STYRENIX,,No,,,
SAN,ABS SAN,2300_W,STYRENIX,,No,,,
SAN,ABS SAN,23GF20%,STYRENIX,,No,,,
SAN,ABS SAN,2500,STYRENIX,,No,,,
SAN,ABS SAN,25GF30%,STYRENIX,,No,,,
SAN,ABS SAN,LURAN-19-AP,STYRENIX,,No,,,
SAN,ABS SAN,AS-9S(NONPRIME),SUMITOMO,,No,,,
SAN,ABS SAN,1200,TAITA,,No,,,
SAN,ABS SAN,1400,TAITA,,No,,,
SAN,ABS SAN,1400ZN,TAITA,,No,,,
SOLVENTS,SOLVENTS_TANKER,ETHYL_ACETATE_ACCORD,ACCORD,,No,,,
SOLVENTS,SOLVENTS_TANKER,ETHYL_ACETATE_GNFC,GNFC,,No,,,
SOLVENTS,SOLVENTS_TANKER,BUTYL_ACETATE,IMP,,No,,,
SOLVENTS,SOLVENTS_TANKER,ACETONE_IMP,IMPORTED,,No,,,
SOLVENTS,SOLVENTS_TANKER,TOLUENE_TANKER,IMPORTED,,No,,,
SOLVENTS,SOLVENTS_TANKER,BUTYL_ACETATE_LAXMI,LAXMI,,No,,,
SOLVENTS,SOLVENTS_TANKER,NPAC_LAXMI,LAXMI,,No,,,
SOLVENTS,SOLVENTS_TANKER,MTO,LOCAL,,No,,,
SOLVENTS,SOLVENTS_TANKER,CYCLO_HEXANE_IMP,MANY,,No,,,
STYRENE,SOLVENTS_BARREL,STYRENE_BARREL,MANY,STYRENE IMP STYRENE_BARREL - MANY,Yes,161.20,,
SUBSCRIPTION,SUBSCRIPTION,1_LOC-1_POC,PLUS,,No,,,
SUBSCRIPTION,SUBSCRIPTION,1_LOC-2_POC,PLUS,,No,,,
SUBSCRIPTION,SUBSCRIPTION,1_LOC-3_POC,PLUS,,No,,,
SUBSCRIPTION,SUBSCRIPTION,2_LOC-1_POC,PLUS,,No,,,
SUBSCRIPTION,SUBSCRIPTION,2_LOC-2_POC,PLUS,,No,,,
SUBSCRIPTION,SUBSCRIPTION,2_LOC-3_POC,PLUS,,No,,,
SUBSCRIPTION,SUBSCRIPTION,3_LOC-1_POC,PLUS,,No,,,
SUBSCRIPTION,SUBSCRIPTION,3_LOC-2_POC,PLUS,,No,,,
SUBSCRIPTION,SUBSCRIPTION,3_LOC-3_POC,PLUS,,No,,,
THERMOPLASTIC,THERMOPLASTIC POLYESTER ELASTOMER,5526,CELANESE,,No,,,
THERMOPLASTIC,THERMOPLASTIC POLYESTER ELASTOMER,YH-791-H,SINOPEC,,No,,,
THERMOPLASTIC,THERMOPLASTIC POLYESTER ELASTOMER,SOLTHX1050,VERSALIS,,No,,,
TIO2,TIO2_GENERAL,R-902+,CHEMOURS,TIO2 CHLORIDE R-902+ - CHEMOURS,Yes,361.18,,
TIO2,TIO2_GENERAL,R-902,DUPONT,,No,,,
TIO2,TIO2_GENERAL,RC-822,KMML,TIO2 CHLORIDE RC-822 - KMML,Yes,296.18,,
TIO2,TIO2_GENERAL,RC-822+,KMML,,No,,,
TIO2,TIO2_GENERAL,B101,SILVERSTAR,TIO2 ANATASE B101 - SILVERSTAR,Yes,264.45,,
TIO2,TIO2_GENERAL,595,TRONOX,TIO2 CHLORIDE 595 - TRONOX,Yes,355.75,,
TIO2,TIO2_GENERAL,TXR-92,VENATOR,TIO2 RUTILE TXR-92 - VENATOR,Yes,339.75,,
TIO2,TIO2_GENERAL,OPATI - VVTI,VVTI,TIO2 ANATASE OPATI - VVTI,Yes,264.45,,
TIO2,TIO2_PAINTS_COATINGS_INK,R-216,,TIO2 SULFATE R-216,Yes,273.75,,
TIO2,TIO2_PAINTS_COATINGS_INK,BLR-698,BILLIONS,TIO2 SULFATE BLR-698 - BILLIONS,Yes,283.23,,
TIO2,TIO2_PAINTS_COATINGS_INK,BLR-895,BILLIONS,TIO2 CHLORIDE BLR-895 - BILLIONS,Yes,299.75,,
TIO2,TIO2_PAINTS_COATINGS_INK,R-996,BILLIONS,TIO2 SULFATE R-996 - BILLIONS,Yes,282.75,,
TIO2,TIO2_PAINTS_COATINGS_INK,R-280,CRIMEA,,No,,,
TIO2,TIO2_PAINTS_COATINGS_INK,SR-2377,DOGUIDE,,No,,,
TIO2,TIO2_PAINTS_COATINGS_INK,FR-767,FANGYUAN,TIO2 SULFATE FR-767 - FANGYUAN,Yes,269.75,,
TIO2,TIO2_PAINTS_COATINGS_INK,R-2196+,KFA,TIO2 SULFATE R-2196+ - KFA,Yes,276.18,,
TIO2,TIO2_PAINTS_COATINGS_INK,RC-800PG,KMML,,No,,,
TIO2,TIO2_PAINTS_COATINGS_INK,CR-350,PANGANG,,No,,,
TIO2,TIO2_PAINTS_COATINGS_INK,TYR-681,POLYCHEM,,No,,,
TIO2,TIO2_PAINTS_COATINGS_INK,R-2195,SHANDONG,TIO2 SULFATE R-2195 - SHANDONG,Yes,283.18,,
TIO2,TIO2_PAINTS_COATINGS_INK,R-6618,SHANDONG,TIO2 SULFATE R-6618 - SHANDONG,Yes,273.45,,
TIO2,TIO2_PAINTS_COATINGS_INK,916,SILVERSTAR,,No,,,
TIO2,TIO2_PAINTS_COATINGS_INK,THR-218,TAIHAI,,No,,,
TIO2,TIO2_PAINTS_COATINGS_INK,TIONA-828,TRONOX,TIO2 CHLORIDE TIONA-828 - TRONOX,Yes,286.75,,
TIO2,TIO2_PAINTS_COATINGS_INK,A-ISI,TTPL,,No,,,
TIO2,TIO2_PLASTIC,ATR-316,,TIO2  ATR-316,Yes,274.75,,
TIO2,TIO2_PLASTIC,ATR-311,ANHUI,,No,,,
TIO2,TIO2_PLASTIC,ATR-312,ANHUI,,No,,,
TIO2,TIO2_PLASTIC,ATR-318,ANHUI ANNADA,TIO2 SULFATE ATR-318 - ANHUI ANNADA,Yes,279.75,,
TIO2,TIO2_PLASTIC,RP-35,BERSILION,,No,,,
TIO2,TIO2_PLASTIC,BLR-688,BILLION,,No,,,
TIO2,TIO2_PLASTIC,BLR-699,BILLIONS,,No,,,
TIO2,TIO2_PLASTIC,BLR-852,BILLIONS,,No,,,
TIO2,TIO2_PLASTIC,BLR-886,BILLIONS,TIO2 CHLORIDE BLR-886 - BILLIONS,Yes,308.75,,
TIO2,TIO2_PLASTIC,BLR-887,BILLIONS,,No,,,
TIO2,TIO2_PLASTIC,LR-108,BILLIONS,TIO2 SULFATE LR-108 - BILLIONS,Yes,299.75,,
TIO2,TIO2_PLASTIC,LR-961,BILLIONS,,No,,,
TIO2,TIO2_PLASTIC,LR-972,BILLIONS,,No,,,
TIO2,TIO2_PLASTIC,LR-982,BILLIONS,,No,,,
TIO2,TIO2_PLASTIC,TR-52,BILLIONS,,No,,,
TIO2,TIO2_PLASTIC,R-6628,BISLEY,,No,,,
TIO2,TIO2_PLASTIC,R-730,BOOM,,No,,,
TIO2,TIO2_PLASTIC,R-93,BOOM,,No,,,
TIO2,TIO2_PLASTIC,R-97,BOOM,,No,,,
TIO2,TIO2_PLASTIC,R-101,CHEMOURS,,No,,,
TIO2,TIO2_PLASTIC,R-103,CHEMOURS,TIO2 CHLORIDE R-103 - CHEMOURS,Yes,265.65,,
TIO2,TIO2_PLASTIC,R-104,CHEMOURS,TIO2 CHLORIDE R-104 - CHEMOURS,Yes,364.18,,
TIO2,TIO2_PLASTIC,R-105,CHEMOURS,,No,,,
TIO2,TIO2_PLASTIC,R-706,CHEMOURS,,No,,,
TIO2,TIO2_PLASTIC,R-900,CHEMOURS,,No,,,
TIO2,TIO2_PLASTIC,R-960,CHEMOURS,,No,,,
TIO2,TIO2_PLASTIC,TS-6300,CHEMOURS,,No,,,
TIO2,TIO2_PLASTIC,KA-350,COITOX,,No,,,
TIO2,TIO2_PLASTIC,KA-320,COSMO,,No,,,
TIO2,TIO2_PLASTIC,KA-100,COTIOX,,No,,,
TIO2,TIO2_PLASTIC,SR-237,DOGUIDE,,No,,,
TIO2,TIO2_PLASTIC,SR-240,DOGUIDE,,No,,,
TIO2,TIO2_PLASTIC,B160,DUPONT,,No,,,
TIO2,TIO2_PLASTIC,FR-761,FANGYUAN,TIO2 SULFATE FR-761 - FANGYUAN,Yes,278.45,,
TIO2,TIO2_PLASTIC,HTR-628,HANGZHOU,,No,,,
TIO2,TIO2_PLASTIC,HK-700,HONTAI,,No,,,
TIO2,TIO2_PLASTIC,RCL-595,INEOS,,No,,,
TIO2,TIO2_PLASTIC,DR-2589,INTER-CHINA,TIO2 CHLORIDE DR-2589 - INTER-CHINA,Yes,329.75,,
TIO2,TIO2_PLASTIC,RF-9300,INTER-CHINA,,No,,,
TIO2,TIO2_PLASTIC,R-930,ISHIHARA,,No,,,
TIO2,TIO2_PLASTIC,R-980,ISHIHARA SANGYO KAISHA,,No,,,
TIO2,TIO2_PLASTIC,CR-50,ISIHARA,,No,,,
TIO2,TIO2_PLASTIC,CR-97,ISIHARA,,No,,,
TIO2,TIO2_PLASTIC,ZR-965,JIANGSU,,No,,,
TIO2,TIO2_PLASTIC,HTA-120,JINHE,,No,,,
TIO2,TIO2_PLASTIC,B-101,JIUTA,,No,,,
TIO2,TIO2_PLASTIC,RC-222,KMML,,No,,,
TIO2,TIO2_PLASTIC,RC-800,KMML,,No,,,
TIO2,TIO2_PLASTIC,RC-800PG+,KMML,,No,,,
TIO2,TIO2_PLASTIC,RC-802,KMML,,No,,,
TIO2,TIO2_PLASTIC,RC-808,KMML,,No,,,
TIO2,TIO2_PLASTIC,RC-813,KMML,,No,,,
TIO2,TIO2_PLASTIC,2064,KRONOS,,No,,,
TIO2,TIO2_PLASTIC,2066,KRONOS,,No,,,
TIO2,TIO2_PLASTIC,2073,KRONOS,,No,,,
TIO2,TIO2_PLASTIC,2190,KRONOS,,No,,,
TIO2,TIO2_PLASTIC,2220,KRONOS,,No,,,
TIO2,TIO2_PLASTIC,2222,KRONOS,,No,,,
TIO2,TIO2_PLASTIC,2230,KRONOS,,No,,,
TIO2,TIO2_PLASTIC,2233,KRONOS,,No,,,
TIO2,TIO2_PLASTIC,2310,KRONOS,,No,,,
TIO2,TIO2_PLASTIC,2310,KRONOS,,No,,,
TIO2,TIO2_PLASTIC,2360,KRONOS,,No,,,
TIO2,TIO2_PLASTIC,2450,KRONOS,,No,,,
TIO2,TIO2_PLASTIC,TIOEX-803,KUNCAI,,No,,,
TIO2,TIO2_PLASTIC,LR-908,LOMAN,,No,,,
TIO2,TIO2_PLASTIC,SA-TR-10,MIYOSHI,,No,,,
TIO2,TIO2_PLASTIC,NR950,NANJING,,No,,,
TIO2,TIO2_PLASTIC,R-965,NANJING,,No,,,
TIO2,TIO2_PLASTIC,CR-340,PANGANG,,No,,,
TIO2,TIO2_PLASTIC,R-248,PANGANG,,No,,,
TIO2,TIO2_PLASTIC,R-249,PANGANG,TIO2 SULFATE R-249 - PANGANG,Yes,270.65,,
TIO2,TIO2_PLASTIC,R-298,PANGANG,,No,,,
TIO2,TIO2_PLASTIC,R-5568,PANZHIHUA DONGFANG,,No,,,
TIO2,TIO2_PLASTIC,AV01FG,PRECHEZA,,No,,,
TIO2,TIO2_PLASTIC,CR-718,SHANDONG,TIO2 CHLORIDE CR-718 - SHANDONG,Yes,283.45,,
TIO2,TIO2_PLASTIC,CR-758,SHANDONG,TIO2 CHLORIDE CR-758 - SHANDONG,Yes,288.45,,
TIO2,TIO2_PLASTIC,R-3395,SHANDONG,,No,,,
TIO2,TIO2_PLASTIC,SR-9000,SHANDONG,,No,,,
TIO2,TIO2_PLASTIC,R-805,SILVERSTAR,TIO2 SULFATE R-805 - SILVERSTAR,Yes,280.75,,
TIO2,TIO2_PLASTIC,C47060,SUNCROMA,,No,,,
TIO2,TIO2_PLASTIC,PDA-1000,TAIHAI,,No,,,
TIO2,TIO2_PLASTIC,THR-6666,TAIHAI,,No,,,
TIO2,TIO2_PLASTIC,TYR-568,TIANYUAN,TIO2 CHLORIDE TYR-568 - TIANYUAN,Yes,279.23,,
TIO2,TIO2_PLASTIC,TYR-588,TIANYUAN,,No,,,
TIO2,TIO2_PLASTIC,TR-36,TIKON,,No,,,
TIO2,TIO2_PLASTIC,DR-2400,TINOX,,No,,,
TIO2,TIO2_PLASTIC,R-2140,TINOX,,No,,,
TIO2,TIO2_PLASTIC,R-2240,TINOX,,No,,,
TIO2,TIO2_PLASTIC,AT-1,TIONA,,No,,,
TIO2,TIO2_PLASTIC,R-213,TIOXHUA,TIO2 SULFATE R-213 - TIOXHUA,Yes,284.75,,
TIO2,TIO2_PLASTIC,PFR-210,TIPPS,,No,,,
TIO2,TIO2_PLASTIC,LW-S100,TITANOS,,No,,,
TIO2,TIO2_PLASTIC,A-315,TITAX,,No,,,
TIO2,TIO2_PLASTIC,CR-531,TITAX,,No,,,
TIO2,TIO2_PLASTIC,CR-801,TITAX,,No,,,
TIO2,TIO2_PLASTIC,CR522,TITAX,,No,,,
TIO2,TIO2_PLASTIC,R-414,TITAX,,No,,,
TIO2,TIO2_PLASTIC,R-504,TITAX,,No,,,
TIO2,TIO2_PLASTIC,R-603,TITAX,,No,,,
TIO2,TIO2_PLASTIC,R-702,TITAX,,No,,,
TIO2,TIO2_PLASTIC,168,TRONOX,,No,,,
TIO2,TIO2_PLASTIC,822,TRONOX,,No,,,
TIO2,TIO2_PLASTIC,826,TRONOX,TIO2 CHLORIDE 826 - TRONOX,Yes,345.75,,
TIO2,TIO2_PLASTIC,834,TRONOX,TIO2 CHLORIDE 834 - TRONOX,Yes,375.75,,
TIO2,TIO2_PLASTIC,880,TRONOX,,No,,,
TIO2,TIO2_PLASTIC,CPD-21,TRONOX,,No,,,
TIO2,TIO2_PLASTIC,RCL-69,TRONOX,,No,,,
TIO2,TIO2_PLASTIC,TIKON-33,TRONOX,,No,,,
TIO2,TIO2_PLASTIC,TIKON-36,TRONOX,,No,,,
TIO2,TIO2_PLASTIC,TIONA-128,TRONOX,,No,,,
TIO2,TIO2_PLASTIC,TIONA-288-TF,TRONOX,,No,,,
TIO2,TIO2_PLASTIC,TK-36,TRONOX,,No,,,
TIO2,TIO2_PLASTIC,TR-33,TRONOX,,No,,,
TIO2,TIO2_PLASTIC,RD-01,TTPL,,No,,,
TIO2,TIO2_PLASTIC,RD-01-GP,TTPL,,No,,,
TIO2,TIO2_PLASTIC,RD-01-PG,TTPL,,No,,,
TIO2,TIO2_PLASTIC,R-168,TYNOX,,No,,,
TIO2,TIO2_PLASTIC,R-FC5,VENATOR,,No,,,
TIO2,TIO2_PLASTIC,R-TC30,VENATOR,,No,,,
TIO2,TIO2_PLASTIC,TR-28,VENATOR,TIO2 RUTILE TR-28 - VENATOR,Yes,339.75,,
TIO2,TIO2_PLASTIC,TR-29,VENATOR,,No,,,
TIO2,TIO2_PLASTIC,TR92,VENATOR,,No,,,
TOLUENE,SOLVENTS_BARREL,TOLUENE_BARREL,,TOLUENE PACKED IN BARREL TOLUENE_BARREL,Yes,151.20,,
TOLUENE,TOLUENE DI-ISOCYANATE,LUPRANATE-T-80,BASF,,No,,,
TOLUENE,TOLUENE DI-ISOCYANATE,DESMO-T-80,COVESTRO,,No,,,
TOLUENE,TOLUENE DI-ISOCYANATE,VORANATE-T-80,DOW,,No,,,
TOLUENE,TOLUENE DI-ISOCYANATE,KONNATE-T-80,KUMHO,,No,,,
TOLUENE,TOLUENE DI-ISOCYANATE,COSMONATE-T-80,MITSUI,,No,,,
TPU,TPU,LPR-5020,COIM,,No,,,
TPU,TPU,LPR-8020,COIM,,No,,,
TPU,TPU,LPR-8520,COIM,,No,,,
TPU,TPU,LPR-9020,COIM,,No,,,
TPU,TPU,IP-090-AS,DONGAH,,No,,,
TPU,TPU,HF-1090-AL,HUAFON,,No,,,
TPU,TPU,S-90-A,SONGHAN,,No,,,
TPV,TPV,101-55,CELANESE,,No,,,
TPV,TPV,101-64(BLACK),CELANESE,,No,,,
VAM,SOLVENTS_BARREL,VAM_BARREL,,VAM  VAM_BARREL,Yes,130.70,,
VAM,SOLVENTS_BARREL,BUTYLACETATE_BARREL,IMP,,No,,,
VAM,SOLVENTS_BARREL,ACETONE_DEEPAK_BARREL,MANY,,No,,,
VAM,SOLVENTS_BARREL,DAA_BARREL,MANY,,No,,,
VAM,SOLVENTS_BARREL,EA_BARRELS_GNFC,MANY,,No,,,
VAM,SOLVENTS_BARREL,IPA_BARREL_IMPORTED,MANY,,No,,,
VAM,SOLVENTS_BARREL,MEG_BARREL,MANY,,No,,,
VAM,SOLVENTS_BARREL,MEK_BARREL,MANY,,No,,,
VAM,SOLVENTS_BARREL,MTO_BARREL,MANY,,No,,,
VAM,SOLVENTS_BARREL,NBA_BARREL,MANY,,No,,,
VAM,SOLVENTS_BARREL,MCH_BARREL,SHENMU,,No,,,
VAM,SOLVENTS_BARREL,THF_BARREL,SUMILON,,No,,,
XLPE,XLPE,LE-4423,BOREALIS,,No,,,
XLPE,XLPE,LE4423,BOREALIS,,No,,,
XLPE,XLPE,LS4201R,BOREALIS,,No,,,
XLPE,XLPE,LS4201S,BOREALIS,,No,,,
XLPE,XLPE,ME6052,BOREALIS,,No,,,
XLPE,XLPE,LS4201H,BOROUGE,,No,,,
XLPE,XLPE,6318-BK-CPD,DOW,,No,,,
XLPE,XLPE,CC-3485-NT-CPD,DOW,,No,,,
XLPE,XLPE,CSK-3364-NT-CPD,DOW,,No,,,
XLPE,XLPE,CX-6923-NT-CPD,DOW,,No,,,
XLPE,XLPE,CX-6944-NT-CPD,DOW,,No,,,
XLPE,XLPE,HFDA-0587BK,DOW,,No,,,
XLPE,XLPE,HFDA-5630BK,DOW,,No,,,
XLPE,XLPE,HFDE-4201EC,DOW,,No,,,
XLPE,XLPE,H512W,SCG,,No,,,